{
    "description": "Standing with both arms extended forward, palms open and fingers spread, as if gently pushing something away. The body leans slightly forward, left foot ahead of the right, with a confident yet gentle expression. The head is tilted slightly down, eyes focused ahead, lips softly pursed.",
    "face": {
        "お": 0.6000000238418579
    },
    "rotatableBones": {
        "上半身": [
            -0.20278325808947278,
            -0.04250708392665012,
            -0.04490011465271532,
            0.977269578691903
        ],
        "頭": [
            0.16028053442752188,
            -0.010471827311215112,
            -0.0920477723208969,
            0.9827136760359003
        ],
        "下半身": [
            -0.09260278915699532,
            -0.0959935587924491,
            0.010738880268656334,
            0.9910067141356517
        ],
        "左腕": [
            0.3834422183662801,
            0.19725209348071407,
            0.15121081803575656,
            0.889491859122264
        ],
        "左ひじ": [
            0.10407329739790971,
            0.2838909364536251,
            0.17826049569874944,
            0.9363739028253395
        ],
        "左手首": [
            0.009098803225456063,
            -0.266614814336306,
            0.3502785648684438,
            0.8978514256825558
        ],
        "左親指１": [
            -0.04917711801956395,
            0.30419823424391823,
            -0.16205995053566657,
            0.9374325765877194
        ],
        "左人指１": [
            0.003851002907659779,
            0.08979637150871246,
            0.042670470199313054,
            0.995037468923735
        ],
        "左中指１": [
            -0.004704736457776393,
            -0.06478339334538,
            0.07228347309631394,
            0.995266226432455
        ],
        "左薬指１": [
            -0.008507815428778133,
            -0.1883790576391338,
            0.08202153359066332,
            0.9786273169787333
        ],
        "左小指１": [
            -0.01102815212838838,
            -0.30598656460521806,
            0.04990421859100359,
            0.9506625049895271
        ],
        "左足": [
            0.019024612667958303,
            0.03313328108179926,
            0.07842090673146425,
            0.9961879883843916
        ],
        "左ひざ": [
            0.000011000000085914508,
            0.0010999999940395355,
            0.024978000670671463,
            0.9996870160102844
        ],
        "左足首": [
            0.02966799959540367,
            -0.00020300000323913991,
            -0.02538299933075905,
            0.9992370009422302
        ],
        "右腕": [
            0.3480950640751731,
            -0.37742381581550943,
            -0.0277864226856578,
            0.8576748970195969
        ],
        "右ひじ": [
            -0.04133040504526835,
            -0.2743660559384981,
            -0.34429996645822797,
            0.8969233097772309
        ],
        "右手首": [
            0.08893655298770806,
            0.327454734633642,
            -0.27382640900645216,
            0.8999340615715749
        ],
        "右親指１": [
            0.05604384232691051,
            -0.1587343632147711,
            0.33827517786184014,
            0.9258678356017283
        ],
        "右人指１": [
            0.015649008774042607,
            -0.08850604684357954,
            -0.17340309006931354,
            0.9807405491642417
        ],
        "右中指１": [
            -0.008742003562529743,
            0.06436302918045547,
            -0.13430605377874388,
            0.9888083818802934
        ],
        "右薬指１": [
            -0.03459002575130816,
            0.19563516038991235,
            -0.17063713143578502,
            0.9650967593147863
        ],
        "右小指１": [
            -0.06133401999435538,
            0.34689313105012337,
            -0.16294705474879104,
            0.9216023256200838
        ],
        "右足": [
            0.014415534947191659,
            -0.09672876607264919,
            -0.14286945743589402,
            0.9848978632613241
        ],
        "右ひざ": [
            -0.03346100077033043,
            -0.0001539999939268455,
            -0.03000199981033802,
            0.998989999294281
        ]
    },
    "movableBones": {
        "センター": [
            -3.350008010864258,
            7.439437389373779,
            0.3999999761581421
        ],
        "左足ＩＫ": [
            -3.0416781902313232,
            1.1700553894042969,
            1.19999098777771
        ],
        "右足ＩＫ": [
            -5.050005912780762,
            0.795059323310852,
            -0.05000108480453491
        ],
        "左つま先ＩＫ": [
            -0.09999799728393555,
            -1.5903797149658203,
            -1.4735007286071777
        ],
        "右つま先ＩＫ": [
            1.049999713897705,
            -1.5903797149658203,
            -1.6235072612762451
        ]
    }
}