{
    "face": {
        "真面目": 0,
        "困る": 0,
        "にこり": 0,
        "怒り": 0,
        "上": 0.53125,
        "下": 0,
        "あ": 0,
        "い": 0,
        "う": 0,
        "え": 0,
        "え1": 0,
        "お": 0,
        "お1": 0,
        "ワ": 0,
        "ワ1": 0,
        "倒ω": 0,
        "にやり２": 0,
        "にやり２1": 0,
        "口横広げ": 0,
        "口横缩げ": 0,
        "口角上げ": 0,
        "口角下げ1": 0,
        "口角下げ": 0,
        "まばたき": 0,
        "笑い": 0.36862069368362427,
        "ウィンク": 0,
        "ウィンク右": 0,
        "ウィンク２": 0,
        "ｳｨﾝｸ２右": 0,
        "びっくり": 0,
        "瞳小": 0,
        "恐ろしい子！": 0,
        "なごみ": 0,
        "はちゅ目": 0,
        "はぅ": 0,
        "ｷﾘｯ": 0,
        "眼角下": 0,
        "眼角下1": 0,
        "眼睑上": 0,
        "じと目": 0,
        "じと目1": 0,
        "照れ": 0
    },
    "body": {
        "センター": [
            0,
            7.999999523162842,
            0
        ],
        "右足ＩＫ": [
            0,
            0.7950592041015625,
            0
        ],
        "左足ＩＫ": [
            0,
            0.7950592041015625,
            0
        ],
        "上半身": [
            0.06886483168223176,
            0.4052553083653657,
            0.037364638853652724
        ],
        "下半身": [
            -0.08252343243743718,
            0.4114844303145389,
            -0.035956643056145134
        ],
        "首": [
            -1.305584307339177e-9,
            -2.421538524853752e-10,
            -6.140793413502451e-11
        ],
        "頭": [
            -0.03874721203204762,
            -0.23587070293228324,
            0.0883649718700692
        ],
        "右腕": [
            0.6660367188793166,
            0.5931160744737021,
            -0.11987581603235507
        ],
        "右ひじ": [
            0.5403023017553533,
            1.5601252064626452,
            -2.3178041529906235
        ],
        "右手首": [
            1.0740050545275088,
            -0.8519777316667362,
            0.18140885121920383
        ],
        "左腕": [
            -0.6337383360934798,
            0.11232343870819671,
            -0.872718262813305
        ],
        "左ひじ": [
            -0.18387227966355113,
            -0.030021158081747545,
            -0.12293893583842352
        ],
        "左手首": [
            -3.958821708692955e-9,
            1.4733208153436127e-9,
            -8.410893318074627e-9
        ],
        "右目": [
            0.007077426029321096,
            -0.06963274806175904,
            -0.0013730312504549344
        ],
        "左目": [
            0.007077426029321096,
            -0.06963274806175904,
            -0.0013730312504549344
        ],
        "右足": [
            0.14886456559900943,
            0.008751687977098873,
            -0.05482369028606377
        ],
        "右ひざ": [
            -0.13641855917651965,
            0.00014212232335158748,
            0.0591797157538802
        ],
        "右足首": [
            0.10233149372535714,
            0.0495963143110298,
            0.005395828018724247
        ],
        "左足": [
            0.25258184872406303,
            -0.36448866323565043,
            -0.12498881653265248
        ],
        "左ひざ": [
            -0.2861898430415639,
            0.010519238504529786,
            0.01911301843596436
        ],
        "左足首": [
            0.0861696453611071,
            -0.09059016614845537,
            0.019986229822919945
        ],
        "左親指１": [
            -0.0679826628802802,
            0.05021338029889698,
            0.12060289309803063
        ],
        "左親指２": [
            1.4818460850687191e-9,
            2.6785158564426607e-9,
            3.8902694419057865e-9
        ],
        "左人指１": [
            -0.08312545569058748,
            -0.057690371006541244,
            -0.18171537695290627
        ],
        "左人指２": [
            -0.046225946294315486,
            -0.03479821901797113,
            -0.10434382049048342
        ],
        "左人指３": [
            -0.08733151365590995,
            -0.06005952345593372,
            -0.190273532683825
        ],
        "左中指１": [
            -0.1086560935053907,
            -0.07137281316404916,
            -0.232968224136612
        ],
        "左中指２": [
            -0.05427138166140373,
            -0.040127309398648545,
            -0.12159646987031897
        ],
        "左中指３": [
            -0.07477469574619995,
            -0.05284652716174082,
            -0.16457744553572995
        ],
        "左薬指１": [
            -0.042237903506208645,
            -0.03208240843067732,
            -0.09570356265594868
        ],
        "左薬指２": [
            -0.05832824257544921,
            -0.042740441565515166,
            -0.1302096413507243
        ],
        "左薬指３": [
            -0.08733152505543403,
            -0.0600595242702297,
            -0.19027353230650276
        ],
        "左小指１": [
            -0.03433361516085275,
            -0.02654964004693988,
            -0.07839615054539287
        ],
        "左小指２": [
            -0.011211462980616526,
            -0.009146358392651594,
            -0.02622818508609745
        ],
        "左小指３": [
            -0.050236943525643264,
            -0.037479691853194476,
            -0.11297411720512508
        ],
        "右親指１": [
            -0.6527526101480485,
            1.2053407565284102,
            0.6906225024697867
        ],
        "右親指２": [
            0.29801175256541607,
            0.17578009154160862,
            0.9631045252203787
        ],
        "右人指１": [
            1.2151527163569756e-9,
            1.2123805063850211e-8,
            1.1742821818666785e-8
        ],
        "右人指２": [
            1.2151527163569756e-9,
            1.2123805063850211e-8,
            1.1742821818666785e-8
        ],
        "右人指３": [
            1.2151527163569756e-9,
            1.2123805063850211e-8,
            1.1742821818666785e-8
        ],
        "右中指１": [
            -1.4246844667089669,
            0.7446780452051879,
            1.58817568530122
        ],
        "右中指２": [
            -1.0441072194948502,
            -0.12802675430634186,
            0.5168195119593423
        ],
        "右中指３": [
            -1.2810391773814394,
            2.101402742417603,
            3.0734639766777065
        ],
        "右薬指１": [
            -1.2514355498853578,
            0.008009183591846984,
            0.7498350503200756
        ],
        "右薬指２": [
            -1.1319120216643797,
            -0.0925166549457527,
            0.593272488524957
        ],
        "右薬指３": [
            -1.43087721588118,
            1.2495460805025038,
            2.1240718547440633
        ],
        "右小指１": [
            -1.234753784658417,
            -0.0118857822118105,
            0.7220092341350276
        ],
        "右小指２": [
            -1.3981640665400885,
            0.4491069767628058,
            1.269300521737811
        ],
        "右小指３": [
            -1.403555429419089,
            0.4912255114160163,
            1.315306184107184
        ]
    }
}