{
  "description": "stand and lift right hand and one finger with left foot forward",
  "face": {
    "真面目": 0,
    "困る": 0,
    "にこり": 0,
    "怒り": 0,
    "あ": 0,
    "い": 0,
    "う": 0,
    "え": 0,
    "お": 0,
    "お1": 0,
    "にやり２": 0,
    "にやり２1": 0,
    "口横広げ": 0,
    "口横缩げ": 0,
    "口角上げ": 0,
    "口角下げ1": 0,
    "口角下げ": 0,
    "まばたき": 0,
    "笑い": 0.34896549582481384,
    "ウィンク": 0,
    "ウィンク右": 0,
    "ウィンク２": 0,
    "ｳｨﾝｸ２右": 0,
    "びっくり": 0,
    "恐ろしい子！": 0,
    "なごみ": 0,
    "はちゅ目": 0,
    "はぅ": 0,
    "ｷﾘｯ": 0,
    "眼角下": 0,
    "眼睑上": 0,
    "じと目": 0,
    "じと目1": 0,
    "照れ": 0
  },
  "rotatableBones": {
    "上半身": {
      "x": 0.037472706994150125,
      "y": 0.20045969616111908,
      "z": 0.011361460806475418,
      "w": 0.9789182978187805
    },
    "首": {
      "x": 0,
      "y": 0,
      "z": 0,
      "w": 1
    },
    "頭": {
      "x": -0.04307650436355601,
      "y": -0.11290192179884835,
      "z": 0.03654339882040103,
      "w": 0.9919985873285493
    },
    "下半身": {
      "x": -0.04404304549098015,
      "y": 0.20336100459098816,
      "z": -0.009157467633485794,
      "w": 0.978070080280304
    },
    "左腕": {
      "x": -0.10344423353672028,
      "y": -0.08610361814498901,
      "z": -0.4794056713581085,
      "w": 0.8672115802764893
    },
    "左ひじ": {
      "x": -0.04152045398950577,
      "y": -0.04326353594660759,
      "z": -0.09468645602464676,
      "w": 0.993699312210083
    },
    "左手首": {
      "x": 0,
      "y": 0,
      "z": 0,
      "w": 1
    },
    "左親指１": {
      "x": -0.04074300080537796,
      "y": -0.03690500184893608,
      "z": 0.049904000014066696,
      "w": 0.9972400069236755
    },
    "左親指２": {
      "x": 0,
      "y": 0,
      "z": 0,
      "w": 1
    },
    "左人指１": {
      "x": 0,
      "y": 0,
      "z": -0.10480699688196182,
      "w": 0.9944930076599121
    },
    "左人指２": {
      "x": 0,
      "y": 0,
      "z": -0.059964001178741455,
      "w": 0.9982010126113892
    },
    "左人指３": {
      "x": 0,
      "y": 0,
      "z": -0.10977800190448761,
      "w": 0.9939560294151306
    },
    "左中指１": {
      "x": 0,
      "y": 0,
      "z": -0.1345899999141693,
      "w": 0.990900993347168
    },
    "左中指２": {
      "x": 0,
      "y": 0,
      "z": -0.06994300335645676,
      "w": 0.9975510239601135
    },
    "左中指３": {
      "x": 0,
      "y": 0,
      "z": -0.09485699981451035,
      "w": 0.9954910278320312
    },
    "左薬指１": {
      "x": 0,
      "y": 0,
      "z": -0.054972000420093536,
      "w": 0.9984880089759827
    },
    "左薬指２": {
      "x": 0,
      "y": 0,
      "z": -0.07492999732494354,
      "w": 0.9971889853477478
    },
    "左薬指３": {
      "x": 0,
      "y": 0,
      "z": -0.10977800190448761,
      "w": 0.9939560294151306
    },
    "左小指１": {
      "x": 0,
      "y": 0,
      "z": -0.04498500004410744,
      "w": 0.9989879727363586
    },
    "左小指２": {
      "x": 0,
      "y": 0,
      "z": -0.01499900035560131,
      "w": 0.999888002872467
    },
    "左小指３": {
      "x": 0,
      "y": 0,
      "z": -0.0649539977312088,
      "w": 0.9978880286216736
    },
    "左足": {
      "x": -0.002861778950318694,
      "y": -0.17190386354923248,
      "z": -0.04975934699177742,
      "w": 0.9838519096374512
    },
    "左ひざ": {
      "x": 0.000011000000085914508,
      "y": 0.0010999999940395355,
      "z": 0.024978000670671463,
      "w": 0.9996870160102844
    },
    "左足首": {
      "x": 0.02966799959540367,
      "y": -0.00020300000323913991,
      "z": -0.02538299933075905,
      "w": 0.9992370009422302
    },
    "右腕": {
      "x": 0.27639767078715194,
      "y": -0.25532534088841935,
      "z": 0.18471869707217292,
      "w": 0.9079039763965641
    },
    "右ひじ": {
      "x": 0.5281374249150119,
      "y": -0.612034780765401,
      "z": -0.3838280114465371,
      "w": 0.4462729828342119
    },
    "右手首": {
      "x": -0.06906287399442414,
      "y": -0.46554295712326466,
      "z": -0.37560474522770765,
      "w": 0.7983860092469088
    },
    "右親指１": {
      "x": 0.07183403566676429,
      "y": 0.5391672699228193,
      "z": 0.26619615220930076,
      "w": 0.7957844142473945
    },
    "右親指２": {
      "x": -0.1319500263086855,
      "y": 0.316493053538922,
      "z": -0.36147805681933204,
      "w": 0.8670371324490925
    },
    "右人指１": {
      "x": 0,
      "y": 0,
      "z": 0,
      "w": 1
    },
    "右人指２": {
      "x": 0,
      "y": 0,
      "z": 0,
      "w": 1
    },
    "右人指３": {
      "x": 0,
      "y": 0,
      "z": 0,
      "w": 1
    },
    "右中指１": {
      "x": 0,
      "y": 0,
      "z": 0.7479709982872009,
      "w": 0.6637309789657593
    },
    "右中指２": {
      "x": 0,
      "y": 0,
      "z": 0.5605080889947187,
      "w": 0.8281481200121806
    },
    "右中指３": {
      "x": 0,
      "y": 0,
      "z": 0.8468319773674012,
      "w": 0.5318610072135925
    },
    "右薬指１": {
      "x": 0,
      "y": 0,
      "z": 0.6556169986724854,
      "w": 0.755092978477478
    },
    "右薬指２": {
      "x": 0,
      "y": 0,
      "z": 0.6011980175971985,
      "w": 0.7990999817848206
    },
    "右薬指３": {
      "x": 0,
      "y": 0,
      "z": 0.7739149928092957,
      "w": 0.6332889795303346
    },
    "右小指１": {
      "x": 0,
      "y": 0,
      "z": 0.6480331251244253,
      "w": 0.761611104965961
    },
    "右小指２": {
      "x": 0,
      "y": 0,
      "z": 0.7277250934143413,
      "w": 0.6858680855432555
    },
    "右小指３": {
      "x": 0,
      "y": 0,
      "z": 0.731145095433134,
      "w": 0.6822210617998439
    },
    "右足": {
      "x": 0,
      "y": 0,
      "z": 0,
      "w": 1
    },
    "右ひざ": {
      "x": -0.03346100077033043,
      "y": -0.0001539999939268455,
      "z": -0.03000199981033802,
      "w": 0.998989999294281
    }
  },
  "movableBones": {
    "センター": {
      "x": 0,
      "y": 7.9499993324279785,
      "z": -0.45000001788139343
    },
    "左足ＩＫ": {
      "x": -0.5,
      "y": 0.7950592041015625,
      "z": -1.2000000476837158
    },
    "右足ＩＫ": {
      "x": 0.3500000238418579,
      "y": 0.7950592041015625,
      "z": 0
    },
    "左つま先ＩＫ": {
      "x": 0,
      "y": -1.5903797149658203,
      "z": -1.8235098123550415
    },
    "右つま先ＩＫ": {
      "x": -0.6500000953674316,
      "y": -1.5903797149658203,
      "z": -1.8235098123550415
    }
  }
}