{
    "face": {
        "真面目": 0,
        "困る": 0,
        "にこり": 0,
        "怒り": 0,
        "上": 0.53125,
        "下": 0,
        "あ": 0,
        "い": 0,
        "う": 0,
        "え": 0,
        "え1": 0,
        "お": 0,
        "お1": 0,
        "ワ": 0,
        "ワ1": 0,
        "倒ω": 0,
        "にやり２": 0,
        "にやり２1": 0,
        "口横広げ": 0,
        "口横缩げ": 0,
        "口角上げ": 0,
        "口角下げ1": 0,
        "口角下げ": 0,
        "まばたき": 0,
        "笑い": 0.36862069368362427,
        "ウィンク": 0,
        "ウィンク右": 0,
        "ウィンク２": 0,
        "ｳｨﾝｸ２右": 0,
        "びっくり": 0,
        "瞳小": 0,
        "恐ろしい子！": 0,
        "なごみ": 0,
        "はちゅ目": 0,
        "はぅ": 0,
        "ｷﾘｯ": 0,
        "眼角下": 0,
        "眼角下1": 0,
        "眼睑上": 0,
        "じと目": 0,
        "じと目1": 0,
        "照れ": 0
    },
    "body": {
        "センター": [
            0,
            7.9499993324279785,
            -0.45000001788139343
        ],
        "右足ＩＫ": [
            0.3500000238418579,
            0.7950592041015625,
            0
        ],
        "左足ＩＫ": [
            -0.5,
            0.7950592041015625,
            -1.2000000476837158
        ],
        "上半身": [
            0.06886483210641306,
            0.40525530838126006,
            0.03736463867264478
        ],
        "下半身": [
            -0.0825234336719141,
            0.4114844303590973,
            -0.03595664252074739
        ],
        "首": [
            -1.305584307339177e-9,
            -2.421538524853752e-10,
            -6.140793413502451e-11
        ],
        "頭": [
            -0.03874721207882733,
            -0.2358707029364308,
            0.08836497185894258
        ],
        "右腕": [
            -0.010896214063147091,
            -1.504411614696334,
            -1.9436908622662488
        ],
        "右ひじ": [
            0.5326125606764172,
            -1.5510095495581562,
            2.8894323935116057
        ],
        "右手首": [
            -0.06519459082867092,
            0.23182883939381171,
            2.4928423197005793
        ],
        "左腕": [
            -0.6337383327534548,
            0.11232343376798262,
            -0.8727182604740561
        ],
        "左ひじ": [
            -0.18387227724402,
            -0.030021158385835817,
            -0.12293893570961312
        ],
        "左手首": [
            -3.958821708692955e-9,
            1.4733208153436127e-9,
            -8.410893318074627e-9
        ],
        "右目": [
            0.007077426002670157,
            -0.06963274806172245,
            -0.001373031252313461
        ],
        "左目": [
            0.007077426002670157,
            -0.06963274806172245,
            -0.001373031252313461
        ],
        "右足": [
            0.44602487459924595,
            -0.027887198738274707,
            -0.06324033439448007
        ],
        "右ひざ": [
            -0.40874528715361347,
            -0.017528931060210026,
            0.06394493166750345
        ],
        "右足首": [
            0.3067311472489763,
            -0.05174545377171723,
            -0.005441297238984107
        ],
        "左足": [
            0.2525818474791571,
            -0.36448866307411015,
            -0.12498881697099386
        ],
        "左ひざ": [
            -0.2861898426287883,
            0.01051923851275467,
            0.019113018429299442
        ],
        "左足首": [
            0.08616964557637558,
            -0.09059016614413636,
            0.019986229842850284
        ],
        "左親指１": [
            -0.06798266237266683,
            0.05021338036055761,
            0.12060289306814492
        ],
        "左親指２": [
            1.4818460850687191e-9,
            2.6785158564426607e-9,
            3.8902694419057865e-9
        ],
        "左人指１": [
            -0.08312545617185325,
            -0.05769037091780599,
            -0.1817153769885345
        ],
        "左人指２": [
            -0.046225946153768904,
            -0.0347982190327055,
            -0.10434382048488307
        ],
        "左人指３": [
            -0.08733151315202677,
            -0.060059523553354664,
            -0.1902735326444716
        ],
        "左中指１": [
            -0.10865609389761309,
            -0.0713728130704319,
            -0.23296822417558433
        ],
        "左中指２": [
            -0.05427138175769516,
            -0.04012730938686445,
            -0.12159646987485295
        ],
        "左中指３": [
            -0.07477469615930946,
            -0.05284652709293949,
            -0.1645774455630208
        ],
        "左薬指１": [
            -0.04223790331541127,
            -0.03208240844900961,
            -0.09570356264902308
        ],
        "左薬指２": [
            -0.058328242723030665,
            -0.04274044154615635,
            -0.13020964135821822
        ],
        "左薬指３": [
            -0.08733152459618193,
            -0.06005952435902165,
            -0.19027353227063507
        ],
        "左小指１": [
            -0.03433361507245459,
            -0.02654964005388828,
            -0.07839615054279962
        ],
        "左小指２": [
            -0.011211463059983514,
            -0.009146358390569332,
            -0.026228185086846982
        ],
        "左小指３": [
            -0.05023694329688518,
            -0.03747969187918153,
            -0.1129741171951873
        ],
        "右親指１": [
            -0.25682147774468483,
            -1.4152672026307154,
            2.120149467988946
        ],
        "右親指２": [
            0.6693227082445398,
            0.3439849092654932,
            1.084599379929356
        ],
        "右人指１": [
            3.645458149070927e-9,
            -1.2123805035311568e-8,
            1.1742821789202237e-8
        ],
        "右人指２": [
            3.645458149070927e-9,
            -1.2123805035311568e-8,
            1.1742821789202237e-8
        ],
        "右人指３": [
            3.645458149070927e-9,
            -1.2123805035311568e-8,
            1.1742821789202237e-8
        ],
        "右中指１": [
            -0.08551878101834448,
            2.225513405545104,
            1.8094894593395856
        ],
        "右中指２": [
            0.23745410876850168,
            -2.020754840726158,
            2.860421427310791
        ],
        "右中指３": [
            -0.34695950320102775,
            -1.3913709474454423,
            -1.0165997769063997
        ],
        "右薬指１": [
            0.6695424311847858,
            -2.628454880406176,
            2.8521521379509993
        ],
        "右薬指２": [
            0.39952847173955275,
            -2.2491735902327563,
            2.9348441093959297
        ],
        "右薬指３": [
            -1.072260788311541,
            2.101575199780223,
            1.669296694202439
        ],
        "右小指１": [
            0.6332370674762733,
            -2.55846399295821,
            2.8853380128505166
        ],
        "右小指２": [
            0.44419156614512306,
            2.484981864869794,
            1.9959684828185194
        ],
        "右小指３": [
            0.37443736569210756,
            2.432118959950562,
            1.9564456857940835
        ]
    }
}