{
  "description": "This is an unlabeled pose sample. It is provided solely to help the model learn the natural constraints and patterns of MMD bone rotations, positions, and facial morphs. No semantic description is associated with this pose.",
  "face": {
    "真面目": 0,
    "困る": 0,
    "にこり": 0,
    "怒り": 0,
    "あ": 0.19600000977516174,
    "い": 0,
    "う": 0,
    "え": 0,
    "お": 0,
    "お1": 0,
    "にやり２": 0,
    "にやり２1": 0,
    "口横広げ": 0,
    "口横缩げ": 0,
    "口角上げ": 0,
    "口角下げ1": 0,
    "口角下げ": 0,
    "まばたき": 0,
    "笑い": 0.19499999284744263,
    "ウィンク": 0,
    "ウィンク右": 0,
    "ウィンク２": 0,
    "ｳｨﾝｸ２右": 0,
    "びっくり": 0,
    "恐ろしい子！": 0,
    "なごみ": 0,
    "はちゅ目": 0,
    "はぅ": 0,
    "ｷﾘｯ": 0,
    "眼角下": 0,
    "眼睑上": 0,
    "じと目": 0,
    "じと目1": 0,
    "照れ": 0
  },
  "rotatableBones": {
    "上半身": {
      "x": -0.15460244364724018,
      "y": 0.2880435738766145,
      "z": -0.09159164399139838,
      "w": 0.940604852927889
    },
    "首": {
      "x": 0,
      "y": 0,
      "z": 0,
      "w": 1
    },
    "頭": {
      "x": 0.28225921650586727,
      "y": 0.26795581288470116,
      "z": 0.06582363854726656,
      "w": 0.9188010241358764
    },
    "下半身": {
      "x": -0.029416860739962237,
      "y": 0.15970195562658007,
      "z": -0.043407826688859986,
      "w": 0.9857701944482935
    },
    "左腕": {
      "x": 0.17445957813301016,
      "y": 0.20600346888046156,
      "z": 0.0999831685234399,
      "w": 0.9576685060305976
    },
    "左ひじ": {
      "x": 0.00045705449652551057,
      "y": 0.485595737463308,
      "z": 0.24997504595054948,
      "w": 0.8376801366851258
    },
    "左手首": {
      "x": -0.13182948653078844,
      "y": 0.012679980109805922,
      "z": 0.2422501459010481,
      "w": 0.9611322817828409
    },
    "左親指１": {
      "x": -0.027038840963232637,
      "y": 0.13689818280631247,
      "z": -0.19187040802354977,
      "w": 0.9714485126351977
    },
    "左親指２": {
      "x": 0,
      "y": 0,
      "z": 0,
      "w": 1
    },
    "左人指１": {
      "x": 0.01564900284824224,
      "y": 0.08850601332905011,
      "z": 0.17340302440687383,
      "w": 0.9807401777878312
    },
    "左人指２": {
      "x": 0,
      "y": 0,
      "z": 0,
      "w": 1
    },
    "左人指３": {
      "x": 0,
      "y": 0,
      "z": 0,
      "w": 1
    },
    "左中指１": {
      "x": -0.008742001088972154,
      "y": -0.06436301096887981,
      "z": 0.13430601577672796,
      "w": 0.9888081020960928
    },
    "左中指２": {
      "x": 0,
      "y": 0,
      "z": 0,
      "w": 1
    },
    "左中指３": {
      "x": 0,
      "y": 0,
      "z": 0,
      "w": 1
    },
    "左薬指１": {
      "x": -0.03459000690247758,
      "y": -0.19563505378420992,
      "z": 0.17063703845203287,
      "w": 0.9650962334133187
    },
    "左薬指２": {
      "x": 0,
      "y": 0,
      "z": 0,
      "w": 1
    },
    "左薬指３": {
      "x": 0,
      "y": 0,
      "z": 0,
      "w": 1
    },
    "左小指１": {
      "x": -0.061334005539642134,
      "y": -0.34689304929711356,
      "z": 0.16294701634672717,
      "w": 0.921602108424189
    },
    "左小指２": {
      "x": 0,
      "y": 0,
      "z": 0,
      "w": 1
    },
    "左小指３": {
      "x": 0,
      "y": 0,
      "z": 0,
      "w": 1
    },
    "左足": {
      "x": 0.13724963883101104,
      "y": -0.32441563601965806,
      "z": -0.1879631448708831,
      "w": 0.9168352350171155
    },
    "左ひざ": {
      "x": 0.000011000000085914508,
      "y": 0.0010999999940395355,
      "z": 0.024978000670671463,
      "w": 0.9996870160102844
    },
    "左足首": {
      "x": 0.02966799959540367,
      "y": -0.00020300000323913991,
      "z": -0.02538299933075905,
      "w": 0.9992370009422302
    },
    "右腕": {
      "x": 0.12049473194315129,
      "y": 0.010028629127957128,
      "z": -0.3170126522619304,
      "w": 0.9406810747329003
    },
    "右ひじ": {
      "x": 0.16244816383450605,
      "y": -0.287272169969891,
      "z": -0.3939914104525008,
      "w": 0.8578198344232097
    },
    "右手首": {
      "x": -0.026161883075516423,
      "y": -0.08385466644589412,
      "z": -0.27227865086315217,
      "w": 0.9581997326764445
    },
    "右親指１": {
      "x": -0.026239757464837615,
      "y": -0.13705345753079884,
      "z": 0.18620025403525772,
      "w": 0.9725511047766449
    },
    "右親指２": {
      "x": 0,
      "y": 0,
      "z": 0,
      "w": 1
    },
    "右人指１": {
      "x": 0.01564900284824224,
      "y": -0.08850601332905011,
      "z": -0.17340302440687383,
      "w": 0.9807401777878312
    },
    "右人指２": {
      "x": 0,
      "y": 0,
      "z": 0,
      "w": 1
    },
    "右人指３": {
      "x": 0,
      "y": 0,
      "z": 0,
      "w": 1
    },
    "右中指１": {
      "x": -0.008742001088972154,
      "y": 0.06436301096887981,
      "z": -0.13430601577672796,
      "w": 0.9888081020960928
    },
    "右中指２": {
      "x": 0,
      "y": 0,
      "z": 0,
      "w": 1
    },
    "右中指３": {
      "x": 0,
      "y": 0,
      "z": 0,
      "w": 1
    },
    "右薬指１": {
      "x": -0.03459000690247758,
      "y": 0.19563505378420992,
      "z": -0.17063703845203287,
      "w": 0.9650962334133187
    },
    "右薬指２": {
      "x": 0,
      "y": 0,
      "z": 0,
      "w": 1
    },
    "右薬指３": {
      "x": 0,
      "y": 0,
      "z": 0,
      "w": 1
    },
    "右小指１": {
      "x": -0.061334005539642134,
      "y": 0.34689304929711356,
      "z": -0.16294701634672717,
      "w": 0.921602108424189
    },
    "右小指２": {
      "x": 0,
      "y": 0,
      "z": 0,
      "w": 1
    },
    "右小指３": {
      "x": 0,
      "y": 0,
      "z": 0,
      "w": 1
    },
    "右足": {
      "x": 0.004742657712761602,
      "y": 0.02668887639551893,
      "z": -0.11346443154772741,
      "w": 0.9931722084081164
    },
    "右ひざ": {
      "x": -0.03346100077033043,
      "y": -0.0001539999939268455,
      "z": -0.03000199981033802,
      "w": 0.9989899992942809
    }
  },
  "movableBones": {
    "センター": {
      "x": 0.12500101327896118,
      "y": 7.649999618530273,
      "z": 2.999999761581421
    },
    "左足ＩＫ": {
      "x": 2.099994659423828,
      "y": 0.795059084892273,
      "z": 2.9499902725219727
    },
    "右足ＩＫ": {
      "x": -3.099997043609619,
      "y": 1.1117255687713623,
      "z": 2.7666702270507812
    },
    "左つま先ＩＫ": {
      "x": 0.5,
      "y": -1.5903797149658203,
      "z": -1.8235100507736206
    },
    "右つま先ＩＫ": {
      "x": -0.9708318710327148,
      "y": -1.5903797149658203,
      "z": -1.3193421363830566
    }
  }
}