{
  "description": "This is an unlabeled pose sample. It is provided solely to help the model learn the natural constraints and patterns of MMD bone rotations, positions, and facial morphs. No semantic description is associated with this pose.",
  "face": {
    "お": 0.6000000238418579
  },
  "rotatableBones": {
    "上半身": [
      -0.06498185500997242,
      0.0722945897811319,
      -0.028704261676868077,
      0.9948498639736205
    ],
    "首": [
      0,
      -1.1175451536393766e-10,
      -0.014999438077211382,
      0.9998874664306641
    ],
    "頭": [
      0.151901322559152,
      0.04064460997695263,
      -0.16885270338553726,
      0.9730172948944698
    ],
    "下半身": [
      0,
      -0.11474663019180298,
      0,
      0.9933943748474121
    ],
    "左腕": [
      0.2629836576504152,
      -0.310971484134392,
      -0.3437484486914878,
      0.8461521141385383
    ],
    "左ひじ": [
      0.44581335803425093,
      -0.09045223938981581,
      -0.14769341524597826,
      0.8782108981321199
    ],
    "左手首": [
      0.20659508430569332,
      -0.3103516792270645,
      0.4041722512056037,
      0.8352508820974115
    ],
    "左親指１": [
      0.027178000658750534,
      -0.20399099588394165,
      -0.10071399807929993,
      0.9733989834785461
    ],
    "左親指２": [
      -0.04880699887871742,
      -0.11706800013780594,
      0.13370700180530548,
      0.9828709959983826
    ],
    "左人指１": [
      3.02645224058189e-8,
      -1.615269670308132e-8,
      -0.39747612843355085,
      0.9176121439530931
    ],
    "左人指２": [
      0,
      0,
      -0.280488068831517,
      0.9598571738813031
    ],
    "左人指３": [
      0,
      0,
      -0.28730300068855286,
      0.9578400254249573
    ],
    "左中指１": [
      1.675525673761058e-8,
      -8.831937847730842e-9,
      -0.3804611265659332,
      0.9247965812683105
    ],
    "左中指２": [
      0,
      0,
      -0.20987804279370667,
      0.9777272063106752
    ],
    "左中指３": [
      0,
      0,
      -0.3512749969959259,
      0.9362729787826538
    ],
    "左薬指１": [
      0,
      0,
      -0.25137001276016235,
      0.9678909778594971
    ],
    "左薬指２": [
      0,
      0,
      -0.22721700370311737,
      0.9738439917564392
    ],
    "左薬指３": [
      0,
      0,
      -0.30935001373291016,
      0.9509479999542236
    ],
    "左小指１": [
      0,
      0,
      -0.24792799353599548,
      0.9687780141830444
    ],
    "左小指２": [
      0,
      0,
      -0.2856009900569916,
      0.9583489894866943
    ],
    "左小指３": [
      0,
      0,
      -0.28730300068855286,
      0.9578400254249573
    ],
    "左ひざ": [
      0.000011000000085914508,
      0.0010999999940395355,
      0.024978000670671463,
      0.9996870160102844
    ],
    "左足首": [
      0.02966799959540367,
      -0.00020300000323913991,
      -0.02538299933075905,
      0.9992370009422302
    ],
    "右腕": [
      0.20157915325507342,
      -0.09570545935073525,
      0.1616564407883551,
      0.961287304102003
    ],
    "右ひじ": [
      0.7080031730156049,
      -0.50706694948578,
      0.11259242047678955,
      0.47847413770075753
    ],
    "右手首": [
      0.04768565641715789,
      0.10360635343372784,
      0.3810477341961266,
      0.9174934012157172
    ],
    "右親指１": [
      0.07183408350106611,
      0.5391676289544354,
      0.2661963294693833,
      0.7957849441604297
    ],
    "右親指２": [
      -0.13195005221624045,
      0.3164931156803358,
      -0.3614781277932673,
      0.8670373026863619
    ],
    "右人指１": [
      2.226929929349808e-8,
      1.504138857910675e-8,
      0.31930869817733765,
      0.947650671005249
    ],
    "右中指１": [
      0,
      0,
      0.747970998287201,
      0.6637309789657594
    ],
    "右中指２": [
      0,
      0,
      0.5605080406927871,
      0.8281480486462992
    ],
    "右中指３": [
      0,
      0,
      0.8468319773674011,
      0.5318610072135925
    ],
    "右薬指１": [
      0,
      0,
      0.6556169986724854,
      0.755092978477478
    ],
    "右薬指２": [
      0,
      0,
      0.6011980175971985,
      0.7990999817848206
    ],
    "右薬指３": [
      0,
      0,
      0.7739149928092957,
      0.6332889795303345
    ],
    "右小指１": [
      0,
      0,
      0.6480330603333623,
      0.7616110288192468
    ],
    "右小指２": [
      0,
      0,
      0.7277250496477883,
      0.68586804429405
    ],
    "右小指３": [
      0,
      0,
      0.7311450471074437,
      0.6822210167078315
    ],
    "右足": [
      -0.002938968663728772,
      0.12045327737746377,
      -0.10018625490185841,
      0.9876458838546299
    ],
    "右ひざ": [
      -0.03346100077033043,
      -0.0001539999939268455,
      -0.03000199981033802,
      0.998989999294281
    ]
  },
  "movableBones": {
    "センター": [
      -1.043750524520874,
      7.850002765655518,
      -0.32500141859054565
    ],
    "左足ＩＫ": [
      -0.05000150203704834,
      0.795059323310852,
      0.39999377727508545
    ],
    "右足ＩＫ": [
      -1.4250060319900513,
      0.795059323310852,
      -0.17499962449073792
    ],
    "左つま先ＩＫ": [
      -0.09999972581863403,
      -1.5903797149658203,
      -1.8735084533691406
    ],
    "右つま先ＩＫ": [
      0.4500002861022949,
      -1.5903797149658203,
      -1.8735098838806152
    ]
  }
}