{
  "description": "Standing with the left leg stepping forward, the model raises her left arm in front of her body, bent at the elbow with the hand open and fingers relaxed, while her right arm extends outward to the side at a slight angle. The head is held straight, facing forward, with eyes open and focused ahead. Her lips are gently closed, giving a composed and confident expression. The overall posture and facial expression convey a sense of purposeful movement, as if the model is confidently stepping forward or about to greet someone.\n",
  "face": {
    "あ": 0.20000000298023224
  },
  "rotatableBones": {
    "上半身": [
      -0.16667925381648435,
      0.014247344829926397,
      -0.01171519580934781,
      0.9858383659248329
    ],
    "頭": [
      0.09449748076222836,
      -0.008899407017113524,
      -0.027371730697731366,
      0.9951088577464229
    ],
    "下半身": [
      -0.024989410434871913,
      -0.0012835203246527023,
      -0.010644611880399436,
      0.9996301888735803
    ],
    "左腕": [
      0.6086765707265704,
      0.24369740685609964,
      -0.04584914704929672,
      0.7536715238390017
    ],
    "左ひじ": [
      0.46085637594249296,
      0.4665681924177328,
      0.5009729714118408,
      0.5647564376916453
    ],
    "左手首": [
      0.09207463267019489,
      0.09483425157107035,
      0.3750253803288485,
      0.9175423955975004
    ],
    "左親指１": [
      -0.0058357738819425735,
      -0.13442946656452961,
      -0.18429002248117832,
      0.9736178259532318
    ],
    "左親指２": [
      -0.031481689431839883,
      -0.07551167880457568,
      0.08624423550722726,
      0.9929092708539098
    ],
    "左人指１": [
      -2.740961151095102e-8,
      1.090105707952486e-8,
      -0.1592395564509247,
      0.9872398006330552
    ],
    "左人指２": [
      0.03336819593942894,
      0.0017631554894464447,
      -0.4508799693026304,
      0.8919585556589475
    ],
    "左人指３": [
      2.594443950449742e-8,
      -1.5538846238387158e-8,
      -0.25243108743316006,
      0.9676148771221995
    ],
    "左中指１": [
      2.912857387828521e-9,
      4.2616529174008135e-9,
      -0.22677104709973075,
      0.9739479332799207
    ],
    "左中指２": [
      9.53799123260635e-10,
      -1.1448358860474355e-8,
      -0.3464548105889709,
      0.9380662511365752
    ],
    "左中指３": [
      3.9241702399393186e-8,
      -1.3368056003993362e-8,
      -0.3027034397339479,
      0.9530850829734684
    ],
    "左薬指１": [
      0,
      0,
      -0.16262163927020779,
      0.9866884668396484
    ],
    "左薬指２": [
      -7.774148685659325e-11,
      -7.447434094275034e-9,
      -0.33368703604484984,
      0.9426837890159014
    ],
    "左薬指３": [
      1.3676624899897355e-8,
      -4.867163294343288e-11,
      -0.42888347261818904,
      0.9033597372598382
    ],
    "左小指１": [
      0,
      0,
      -0.16036656398306068,
      0.9870573445711894
    ],
    "左小指２": [
      -2.794988825384663e-9,
      -1.1249931152777838e-8,
      -0.33999070554592703,
      0.9404287775237914
    ],
    "左小指３": [
      1.491084715674406e-8,
      -6.413770943466426e-9,
      -0.42837335077628347,
      0.9036017944018331
    ],
    "左足": [
      -0.006529535188819128,
      -0.00003529755434529373,
      0.047620303986175935,
      0.9988436311455888
    ],
    "左ひざ": [
      0.000011000000085914508,
      0.0010999999940395355,
      0.024978000670671463,
      0.9996870160102844
    ],
    "左足首": [
      0.02966799959540367,
      -0.00020300000323913991,
      -0.02538299933075905,
      0.9992370009422302
    ],
    "右腕": [
      0.11750364757060341,
      -0.34668159193762804,
      0.2365265922086937,
      0.9000326178027758
    ],
    "右ひじ": [
      0.33148602767851665,
      0.12022887537010024,
      -0.45813518535605735,
      0.8159494861135054
    ],
    "右手首": [
      0.0719404644162496,
      -0.07794814614493036,
      -0.10223118972226791,
      0.9890889861214935
    ],
    "右親指１": [
      0.06455830584483553,
      0.12596621327387245,
      0.21182566861318664,
      0.9670028419287134
    ],
    "右親指２": [
      -0.031481689431839883,
      0.07551167880457568,
      -0.08624423550722726,
      0.9929092708539098
    ],
    "右人指１": [
      -2.845680299296025e-8,
      -1.017641181513231e-8,
      0.1433533081000662,
      0.9896714347939506
    ],
    "右人指２": [
      0.025955670829890184,
      -0.00137149537372414,
      0.45113699988631056,
      0.8920757773469615
    ],
    "右人指３": [
      2.108286434912893e-8,
      2.7457566621656036e-8,
      0.2765401982443119,
      0.9610024327017994
    ],
    "右中指１": [
      0,
      0,
      0.19184996659855452,
      0.9814241581068035
    ],
    "右中指２": [
      0,
      0,
      0.4157698088253441,
      0.9094699711218659
    ],
    "右中指３": [
      4.491618623442717e-8,
      2.5597130018484372e-8,
      0.31289747807529333,
      0.9497871883399114
    ],
    "右薬指１": [
      0,
      0,
      0.16262163927020779,
      0.9866884668396484
    ],
    "右薬指２": [
      0,
      0,
      0.37873248989947894,
      0.925506090892684
    ],
    "右薬指３": [
      3.169581238779548e-8,
      2.4625861301434436e-8,
      0.36331895216625565,
      0.9316647687086086
    ],
    "右小指１": [
      0,
      0,
      0.16036656398306068,
      0.9870573445711894
    ],
    "右小指２": [
      -9.813227085063526e-9,
      2.1974230461296518e-8,
      0.31806964990157083,
      0.9480673142272293
    ],
    "右小指３": [
      0,
      0,
      0.517971174028717,
      0.8553980403903629
    ],
    "右足": [
      0.009050062933696895,
      0.08644487066853918,
      0.03649222666405899,
      0.9955468622701993
    ],
    "右ひざ": [
      -0.03346100077033043,
      -0.0001539999939268455,
      -0.03000199981033802,
      0.998989999294281
    ]
  },
  "movableBones": {
    "センター": [
      0.2857110798358917,
      8.481414794921875,
      -0.45000001788139343
    ],
    "左足ＩＫ": [
      0.9593808650970459,
      4.35441780090332,
      0.503131628036499
    ],
    "右足ＩＫ": [
      0.08858251571655273,
      1.695027232170105,
      0.2599908113479614
    ],
    "左つま先ＩＫ": [
      -0.16875088214874268,
      -1.5903797149658203,
      -0.16414165496826172
    ],
    "右つま先ＩＫ": [
      -0.028572380542755127,
      -1.5903797149658203,
      -1.1985127925872803
    ]
  }
}