{
  "description": "Standing with the left leg slightly bent and the right leg straight, the model leans forward, extending both arms in front of her. The right arm is raised at shoulder height, palm open and fingers spread, while the left arm is extended forward just below shoulder level, also with the palm open and fingers splayed. The head is turned slightly to the left, with eyes looking forward and lips gently closed, conveying a focused and intent expression. The overall posture and facial expression suggest a sense of gentle defense or presenting an invisible barrier.\n",
  "face": {
    "あ": 0.10199999809265137,
    "い": 0.30000001192092896
  },
  "rotatableBones": {
    "上半身": [
      0.01874601724008679,
      0.02521762994297195,
      -0.01985826530724683,
      0.9993060246001022
    ],
    "頭": [
      -0.05691125932272085,
      -0.037404571009204024,
      -0.03295602459699627,
      0.9971332812918038
    ],
    "下半身": [
      0.023877849030307683,
      0.022084819931079455,
      -0.015662836332412312,
      0.9993459135324496
    ],
    "左腕": [
      0.18375558533379177,
      0.5261811177733762,
      -0.19836136534794338,
      0.8062362429803136
    ],
    "左ひじ": [
      -0.0554800956328117,
      0.03523551171845399,
      0.020114903402049376,
      0.9976349289204405
    ],
    "左手首": [
      -0.09188305166027108,
      0.0018595823572028118,
      0.2607292406101061,
      0.9610274283131002
    ],
    "左親指１": [
      0.09496233691939437,
      0.2019054977155138,
      -0.16704509493421646,
      0.9603698826004898
    ],
    "左人指１": [
      0.015649001033282855,
      0.08850600306419037,
      0.17340300429572367,
      0.9807400640423354
    ],
    "左中指１": [
      -0.008742000331368727,
      -0.06436300539102216,
      0.13430600413743662,
      0.9888080164035384
    ],
    "左薬指１": [
      -0.03459000112944127,
      -0.19563502113292214,
      0.17063700997288797,
      0.9650960723397575
    ],
    "左小指１": [
      -0.06133400111243961,
      -0.34689302425772855,
      0.16294700458490868,
      0.921602041901236
    ],
    "左足": [
      0.004382289609217912,
      -0.035748840906370934,
      0.020598761575237687,
      0.9991383211304392
    ],
    "左ひざ": [
      0.000011000000085914508,
      0.0010999999940395355,
      0.024978000670671463,
      0.9996870160102844
    ],
    "左足首": [
      0.02966799959540367,
      -0.00020300000323913991,
      -0.02538299933075905,
      0.9992370009422302
    ],
    "右腕": [
      0.2704005453694607,
      -0.35783146729901394,
      0.03098853580271604,
      0.8932403288498529
    ],
    "右ひじ": [
      0.09975425095711596,
      -0.07097417725014973,
      -0.09326832113606391,
      0.9880848603202039
    ],
    "右手首": [
      4.704012734890739e-9,
      -2.54392293896899e-8,
      -0.29552021622657776,
      0.9553364813327789
    ],
    "右親指１": [
      0.008901350759169627,
      -0.15298881597442152,
      0.3703645402319126,
      0.9161567667276509
    ],
    "右人指１": [
      0.015649001033282855,
      -0.08850600306419037,
      -0.17340300429572367,
      0.9807400640423354
    ],
    "右中指１": [
      -0.008742000331368727,
      0.06436300539102216,
      -0.13430600413743662,
      0.9888080164035384
    ],
    "右薬指１": [
      -0.03459000112944127,
      0.19563502113292214,
      -0.17063700997288797,
      0.9650960723397575
    ],
    "右小指１": [
      -0.06133400111243961,
      0.34689302425772855,
      -0.16294700458490868,
      0.921602041901236
    ],
    "右足": [
      0.0005603863744027875,
      -0.014546949821948426,
      -0.008114401833876489,
      0.9998610038629248
    ],
    "右ひざ": [
      -0.03346100077033043,
      -0.0001539999939268455,
      -0.03000199981033802,
      0.998989999294281
    ]
  },
  "movableBones": {
    "センター": [
      0.2750014066696167,
      7.548104763031006,
      1.3166687488555908
    ],
    "左足ＩＫ": [
      -0.20000582933425903,
      0.7950588464736938,
      2.749990463256836
    ],
    "右足ＩＫ": [
      -0.016661763191223145,
      0.7950588464736938,
      -0.2500027120113373
    ],
    "左つま先ＩＫ": [
      0,
      -1.5903797149658203,
      -1.8235098123550415
    ],
    "右つま先ＩＫ": [
      0.0500028133392334,
      -1.5903797149658203,
      -1.8735092878341675
    ]
  }
}