{
  "description": "Standing upright with feet shoulder-width apart, the model extends both arms horizontally to the sides at shoulder height, palms open and fingers spread, as if forming a “T” shape. The head is held straight, facing forward, with a neutral and attentive expression. The eyes are open and looking directly ahead, and the lips are relaxed, giving the overall impression of readiness and calm focus.",
  "face": {},
  "rotatableBones": {
    "上半身": [
      -0.0070475699506814486,
      0.0006182786499877916,
      -0.002564625035091362,
      0.9999716815175195
    ],
    "頭": [
      -0.03434178460182628,
      -0.0343479845051011,
      -0.031063457224968536,
      0.9983364609578663
    ],
    "左腕": [
      0.12288453545313772,
      0.2644180374277988,
      0.1485726914005126,
      0.9449381944773884
    ],
    "左ひじ": [
      -0.009701728238817098,
      0.0011424630662595855,
      0.008487434334542176,
      0.9999162069210652
    ],
    "左手首": [
      0.02071892097213849,
      0.02445464445022329,
      0.4515295373773942,
      0.8916796176672547
    ],
    "左親指１": [
      0.015303019128632214,
      0.14522332230768265,
      -0.3766953265317324,
      0.9147536003163071
    ],
    "左人指１": [
      0.014356640421741809,
      0.08872482680688602,
      0.15908265169314834,
      0.9831645851678044
    ],
    "左中指１": [
      -0.007802447680712343,
      -0.06448365513452499,
      0.11987211387170223,
      0.9906615090641702
    ],
    "左薬指１": [
      -0.029525018746147425,
      -0.19405700139163243,
      0.15573934532871628,
      0.9680974519998744
    ],
    "左小指１": [
      -0.053407065091946426,
      -0.3376736917607875,
      0.15283320629734928,
      0.9272351312002256
    ],
    "左足": [
      0.04545209982787376,
      -0.2134321245730986,
      -0.0006196502576256582,
      0.9758994551370738
    ],
    "左ひざ": [
      0.000011000000085914508,
      0.0010999999940395355,
      0.024978000670671463,
      0.9996870160102844
    ],
    "左足首": [
      0.029667999595403668,
      -0.00020300000323913991,
      -0.02538299933075905,
      0.9992370009422302
    ],
    "右腕": [
      0.1305449411746622,
      -0.24498377816872674,
      -0.13111558363414877,
      0.9517085754616722
    ],
    "右手首": [
      0.004562510107523847,
      -0.019471278489452595,
      -0.4572469133866293,
      0.8891144000648226
    ],
    "右親指１": [
      0.008481283868765857,
      -0.17340144006733826,
      0.4066917839287627,
      0.8969169623106246
    ],
    "右人指１": [
      0.015649007047937594,
      -0.08850603708125318,
      -0.17340307094273835,
      0.9807404409873468
    ],
    "右中指１": [
      -0.008742002842016082,
      0.06436302387567135,
      -0.13430604270927388,
      0.9888083003829637
    ],
    "右薬指１": [
      -0.03459002026090019,
      0.19563512933712127,
      -0.17063710435088275,
      0.965096606126842
    ],
    "右小指１": [
      -0.06133401578389419,
      0.34689310723658456,
      -0.1629470435627926,
      0.9216022623538762
    ],
    "右足": [
      0.02734725214333685,
      0.14809188846737456,
      -0.004733296974908466,
      0.9885842188553556
    ],
    "右ひざ": [
      -0.03346100077033043,
      -0.0001539999939268455,
      -0.03000199981033802,
      0.998989999294281
    ]
  },
  "movableBones": {
    "センター": [
      -1.7000004053115845,
      8.859228134155273,
      -0.699999988079071
    ],
    "左足ＩＫ": [
      -0.29999256134033203,
      0.7950592041015625,
      -0.5499998331069946
    ],
    "右足ＩＫ": [
      -3.012510299682617,
      0.7950592041015625,
      -0.20000052452087402
    ],
    "左つま先ＩＫ": [
      0.28750288486480713,
      -1.5903797149658203,
      -1.8235081434249878
    ],
    "右つま先ＩＫ": [
      -0.537503719329834,
      -1.5903797149658203,
      -1.7235071659088135
    ]
  }
}