{
  "description": "This is an unlabeled pose sample. It is provided solely to help the model learn the natural constraints and patterns of MMD bone rotations, positions, and facial morphs. No semantic description is associated with this pose.",
  "face": {
    "真面目": 0,
    "困る": 0,
    "にこり": 0,
    "怒り": 0,
    "あ": 0,
    "い": 0.6000000238418579,
    "う": 0,
    "え": 0,
    "お": 0,
    "お1": 0,
    "にやり２": 0,
    "にやり２1": 0,
    "口横広げ": 0,
    "口横缩げ": 0,
    "口角上げ": 0,
    "口角下げ1": 0,
    "口角下げ": 0,
    "まばたき": 0,
    "笑い": 0,
    "ウィンク": 0,
    "ウィンク右": 0,
    "ウィンク２": 0,
    "ｳｨﾝｸ２右": 0,
    "びっくり": 0,
    "恐ろしい子！": 0,
    "なごみ": 0,
    "はちゅ目": 0,
    "はぅ": 0,
    "ｷﾘｯ": 0,
    "眼角下": 0,
    "眼睑上": 0,
    "じと目": 0,
    "じと目1": 0,
    "照れ": 0
  },
  "rotatableBones": {
    "上半身": {
      "x": -0.05551376182096929,
      "y": 0.09196991074599445,
      "z": -0.0804766380600568,
      "w": 0.9909502007096833
    },
    "首": {
      "x": 0,
      "y": -1.1175451536393766e-10,
      "z": -0.014999438077211382,
      "w": 0.9998874664306642
    },
    "頭": {
      "x": 0.27280698638598794,
      "y": 0.2326539849844306,
      "z": -0.09176429269407112,
      "w": 0.9289927888018022
    },
    "下半身": {
      "x": 0,
      "y": -0.11474663019180298,
      "z": 0,
      "w": 0.9933943748474121
    },
    "左腕": {
      "x": 0.20394361466629257,
      "y": -0.35252040128543993,
      "z": -0.18894296147762624,
      "w": 0.89355280831633
    },
    "左ひじ": {
      "x": 0.42240917924178634,
      "y": -0.11127883229940225,
      "z": -0.16179749983802688,
      "w": 0.8848774731215279
    },
    "左手首": {
      "x": 0.20119588195909893,
      "y": -0.3287871275977541,
      "z": 0.3990182142365937,
      "w": 0.8319872611016235
    },
    "左親指１": {
      "x": 0.0678993525897993,
      "y": -0.06623364448718774,
      "z": -0.12579557703509553,
      "w": 0.9875110041735706
    },
    "左親指２": {
      "x": -0.024508677431344227,
      "y": -0.05878627899330174,
      "z": 0.06714163650384453,
      "w": 0.9957085406880826
    },
    "左人指１": {
      "x": 1.5453909829009537e-8,
      "y": -8.248017761442156e-9,
      "z": -0.20296240481280123,
      "w": 0.9791863858827834
    },
    "左人指２": {
      "x": 0,
      "y": 0,
      "z": -0.14167300937866162,
      "w": 0.9899133767657429
    },
    "左人指３": {
      "x": 0,
      "y": 0,
      "z": -0.14518995233979154,
      "w": 0.9894038673425929
    },
    "左中指１": {
      "x": 8.53972075503807e-9,
      "y": -4.501410161992485e-9,
      "z": -0.19391119037449026,
      "w": 0.9810190062553096
    },
    "左中指２": {
      "x": 0,
      "y": 0,
      "z": -0.1055282517605091,
      "w": 0.9944161593480312
    },
    "左中指３": {
      "x": 0,
      "y": 0,
      "z": -0.1785044094087372,
      "w": 0.9839392711907209
    },
    "左薬指１": {
      "x": 0,
      "y": 0,
      "z": -0.1267062250018996,
      "w": 0.9919402647991202
    },
    "左薬指２": {
      "x": 0,
      "y": 0,
      "z": -0.11435875501255854,
      "w": 0.9934394777127691
    },
    "左薬指３": {
      "x": 0,
      "y": 0,
      "z": -0.15660740553872268,
      "w": 0.9876608729605075
    },
    "左小指１": {
      "x": 0,
      "y": 0,
      "z": -0.12494307563044203,
      "w": 0.9921638005347314
    },
    "左小指２": {
      "x": 0,
      "y": 0,
      "z": -0.14431107660521042,
      "w": 0.989532462703143
    },
    "左小指３": {
      "x": 0,
      "y": 0,
      "z": -0.14518995233979154,
      "w": 0.9894038673425929
    },
    "左足": {
      "x": 0,
      "y": 0,
      "z": 0,
      "w": 1
    },
    "左ひざ": {
      "x": 0.000011000000085914508,
      "y": 0.0010999999940395355,
      "z": 0.024978000670671463,
      "w": 0.9996870160102844
    },
    "左足首": {
      "x": 0.02966799959540367,
      "y": -0.00020300000323913991,
      "z": -0.02538299933075905,
      "w": 0.9992370009422302
    },
    "右腕": {
      "x": 0.1582563519477844,
      "y": -0.08528175950050353,
      "z": -0.2989263832569122,
      "w": 0.9371892809867858
    },
    "右ひじ": {
      "x": -0.12095069140195847,
      "y": -0.4068630039691925,
      "z": -0.24024677276611328,
      "w": 0.8729916214942932
    },
    "右手首": {
      "x": -0.05751749873161315,
      "y": 0.0008388883434236049,
      "z": 0.41997903585433954,
      "w": 0.9057081937789916
    },
    "右親指１": {
      "x": 0.1801125705242157,
      "y": -0.07144900411367416,
      "z": 0.35476210713386536,
      "w": 0.9146580696105957
    },
    "右親指２": {
      "x": -0.1319500058889389,
      "y": 0.3164930045604706,
      "z": -0.3614780008792877,
      "w": 0.8670369982719421
    },
    "右人指１": {
      "x": 2.8245157324136017e-8,
      "y": 2.4673429521726575e-8,
      "z": -0.10977844148874283,
      "w": 0.9939556121826172
    },
    "右人指２": {
      "x": 0,
      "y": 0,
      "z": 0,
      "w": 1
    },
    "右人指３": {
      "x": 0,
      "y": 0,
      "z": 0,
      "w": 1
    },
    "右中指１": {
      "x": 0,
      "y": 0,
      "z": 0.7479709982872009,
      "w": 0.6637309789657593
    },
    "右中指２": {
      "x": 0,
      "y": 0,
      "z": 0.5605081857027975,
      "w": 0.8281482628979215
    },
    "右中指３": {
      "x": 0,
      "y": 0,
      "z": 0.8468319773674011,
      "w": 0.5318610072135925
    },
    "右薬指１": {
      "x": 0,
      "y": 0,
      "z": 0.6556169986724854,
      "w": 0.755092978477478
    },
    "右薬指２": {
      "x": 0,
      "y": 0,
      "z": 0.6011980175971985,
      "w": 0.7990999817848206
    },
    "右薬指３": {
      "x": 0,
      "y": 0,
      "z": 0.7739149928092957,
      "w": 0.6332889795303345
    },
    "右小指１": {
      "x": 0,
      "y": 0,
      "z": 0.6480332548463448,
      "w": 0.7616112574236835
    },
    "右小指２": {
      "x": 0,
      "y": 0,
      "z": 0.7277251685350601,
      "w": 0.6858681563432101
    },
    "右小指３": {
      "x": 0,
      "y": 0,
      "z": 0.7311451783791358,
      "w": 0.6822211391955755
    },
    "右足": {
      "x": -0.002938968566097431,
      "y": 0.12045327337605498,
      "z": -0.10018625157371185,
      "w": 0.9876458510454361
    },
    "右ひざ": {
      "x": -0.03346100077033043,
      "y": -0.0001539999939268455,
      "z": -0.03000199981033802,
      "w": 0.998989999294281
    }
  },
  "movableBones": {
    "センター": {
      "x": -0.9499999284744263,
      "y": 7.649999618530273,
      "z": -0.10000009834766388
    },
    "左足ＩＫ": {
      "x": -0.05000150203704834,
      "y": 0.795059323310852,
      "z": 0.39999377727508545
    },
    "右足ＩＫ": {
      "x": -1.3500062227249146,
      "y": 0.795059323310852,
      "z": 0.10000038146972656
    },
    "左つま先ＩＫ": {
      "x": -0.09999972581863403,
      "y": -1.5903797149658203,
      "z": -1.8735084533691406
    },
    "右つま先ＩＫ": {
      "x": 0.4500002861022949,
      "y": -1.5903797149658203,
      "z": -1.8735098838806152
    }
  }
}