{
  "description": "Standing with the body gracefully twisted, left arm raised above the head in a soft arc, right arm extended downward and slightly forward. The left leg is bent and the right leg straight, giving a sense of movement and elegance. The head is tilted gently to the right, eyes closed with a serene, content expression, as if lost in a dance or enjoying a peaceful moment.",
  "face": {
    "真面目": 0,
    "困る": 0,
    "にこり": 0,
    "怒り": 0,
    "あ": 0.4000000059604645,
    "い": 0,
    "う": 0,
    "え": 0,
    "お": 0,
    "お1": 0,
    "にやり２": 0,
    "にやり２1": 0,
    "口横広げ": 0,
    "口横缩げ": 0,
    "口角上げ": 0,
    "口角下げ1": 0,
    "口角下げ": 0,
    "まばたき": 1,
    "笑い": 0,
    "ウィンク": 0,
    "ウィンク右": 0,
    "ウィンク２": 0,
    "ｳｨﾝｸ２右": 0,
    "びっくり": 0,
    "恐ろしい子！": 0,
    "なごみ": 0,
    "はちゅ目": 0,
    "はぅ": 0,
    "ｷﾘｯ": 0,
    "眼角下": 0,
    "眼睑上": 0,
    "じと目": 0,
    "じと目1": 0,
    "照れ": 0
  },
  "rotatableBones": {
    "上半身": {
      "x": -0.04358908060360939,
      "y": -0.032304891238281286,
      "z": 0.0708293123010831,
      "w": 0.9960103476664621
    },
    "首": {
      "x": -0.0015742868323452637,
      "y": 0.04496126534602221,
      "z": 0.026206630613963947,
      "w": 0.9986436030522796
    },
    "頭": {
      "x": -0.1583560396336251,
      "y": 0.4927871114663114,
      "z": -0.11954621454795832,
      "w": 0.8472252334037456
    },
    "下半身": {
      "x": -0.0878710313319952,
      "y": -0.08883024185127666,
      "z": 0.05498219462262119,
      "w": 0.9906378569093176
    },
    "左腕": {
      "x": 0.10653989762067795,
      "y": 0.11871102452278137,
      "z": 0.24150311946868896,
      "w": 0.9572002291679382
    },
    "左ひじ": {
      "x": -0.027139225974678993,
      "y": 0.30106374621391296,
      "z": 0.4997643828392029,
      "w": 0.8117005825042725
    },
    "左手首": {
      "x": -3.790424329963571e-8,
      "y": 1.4279512683401663e-8,
      "z": 0.061211708933115005,
      "w": 0.9981244206428528
    },
    "左親指１": {
      "x": 0.017031919737452494,
      "y": -0.218663384292913,
      "z": -0.14468498789502987,
      "w": 0.9648638932707473
    },
    "左親指２": {
      "x": -0.04880699887871742,
      "y": -0.11706800013780594,
      "z": 0.13370700180530548,
      "w": 0.9828709959983826
    },
    "左人指１": {
      "x": 1.0011190923573565e-8,
      "y": -1.0899989191009139e-8,
      "z": -0.349947188880336,
      "w": 0.9367691728305267
    },
    "左人指２": {
      "x": 3.630920932685972e-8,
      "y": 1.793890335621296e-11,
      "z": -0.5231581691635123,
      "w": 0.8522352751550359
    },
    "左人指３": {
      "x": 5.086695208467447e-9,
      "y": 1.0909562326338325e-8,
      "z": -0.3733893031932156,
      "w": 0.9276747781391397
    },
    "左中指１": {
      "x": 7.711550475852562e-9,
      "y": -9.807936095801389e-9,
      "z": -0.405746089697096,
      "w": 0.9139854711149633
    },
    "左中指２": {
      "x": 1.972163090615755e-8,
      "y": 2.400985752519775e-10,
      "z": -0.3849928345102394,
      "w": 0.9229189441947309
    },
    "左中指３": {
      "x": 1.4910618260074586e-9,
      "y": -1.5671015321730241e-10,
      "z": -0.372250351802333,
      "w": 0.9281327646118424
    },
    "左薬指１": {
      "x": 6.456533972951141e-9,
      "y": -1.0651407480934418e-8,
      "z": -0.37240149172751413,
      "w": 0.9280715304352323
    },
    "左薬指２": {
      "x": 3.065694695154023e-11,
      "y": -3.3952425383795144e-9,
      "z": -0.31382505911230973,
      "w": 0.9494807078288228
    },
    "左薬指３": {
      "x": 1.9802204266083077e-10,
      "y": 1.3179174479656406e-9,
      "z": -0.3283058489016888,
      "w": 0.9445713211324486
    },
    "左小指１": {
      "x": -1.0960766540222842e-9,
      "y": -3.9919640914785206e-9,
      "z": -0.3233720855760761,
      "w": 0.9462715528439465
    },
    "左小指２": {
      "x": 5.823974796489399e-10,
      "y": -3.4119552881333017e-9,
      "z": -0.3366749372917118,
      "w": 0.9416211882319309
    },
    "左小指３": {
      "x": 3.848373322233557e-9,
      "y": -1.3639473022670065e-9,
      "z": -0.32655822688864283,
      "w": 0.9451772062486526
    },
    "左足": {
      "x": -0.0057522002607584,
      "y": -0.056405287235975266,
      "z": -0.03169762343168259,
      "w": 0.997887909412384
    },
    "左ひざ": {
      "x": 0.000011000000085914508,
      "y": 0.0010999999940395355,
      "z": 0.024978000670671463,
      "w": 0.9996870160102844
    },
    "左足首": {
      "x": 0.02966799959540367,
      "y": -0.00020300000323913991,
      "z": -0.02538299933075905,
      "w": 0.9992370009422302
    },
    "右腕": {
      "x": 0.102798230946064,
      "y": -0.10035726428031921,
      "z": -0.07456711679697037,
      "w": 0.9868116974830627
    },
    "右ひじ": {
      "x": -1.285340592617589e-9,
      "y": 1.0427418137448626e-9,
      "z": -0.04373603953458198,
      "w": 0.9990431219751397
    },
    "右手首": {
      "x": 0.02158019268712915,
      "y": 0.07210044394826919,
      "z": -0.34948121520206005,
      "w": 0.9339154805789188
    },
    "右親指１": {
      "x": -0.013845534068762794,
      "y": 0.21783647806619091,
      "z": 0.33728077863886546,
      "w": 0.9157493553122275
    },
    "右親指２": {
      "x": -0.04880699887871742,
      "y": 0.11706800013780594,
      "z": -0.13370700180530548,
      "w": 0.9828709959983826
    },
    "右人指１": {
      "x": -2.670528834754911e-9,
      "y": 7.549595154986551e-9,
      "z": 0.3487760187749245,
      "w": 0.93720582831962
    },
    "右人指２": {
      "x": 1.1883720164776267e-9,
      "y": 3.369675548928919e-9,
      "z": 0.31864774382142835,
      "w": 0.9478729511860005
    },
    "右人指３": {
      "x": 0,
      "y": 0,
      "z": 0.28730300068855286,
      "w": 0.9578400254249573
    },
    "右中指１": {
      "x": -1.8506551315764535e-9,
      "y": 1.3281731192841135e-8,
      "z": 0.4752913441464911,
      "w": 0.8798282914590803
    },
    "右中指２": {
      "x": -5.398169734543218e-10,
      "y": 2.133144030941124e-9,
      "z": 0.2729422707954852,
      "w": 0.9620306951248989
    },
    "右中指３": {
      "x": 1.1346533832597736e-9,
      "y": 4.988664819639692e-10,
      "z": 0.3792008122095879,
      "w": 0.9253147809094728
    },
    "右薬指１": {
      "x": -1.3897724998380004e-9,
      "y": 1.647652250358774e-8,
      "z": 0.5004299920367288,
      "w": 0.8657768472678864
    },
    "右薬指２": {
      "x": 0,
      "y": 0,
      "z": 0.22721700370311737,
      "w": 0.9738439917564392
    },
    "右薬指３": {
      "x": 0,
      "y": 0,
      "z": 0.30935001373291016,
      "w": 0.9509479999542236
    },
    "右小指１": {
      "x": -2.191896896384865e-9,
      "y": 1.2966695493976946e-8,
      "z": 0.48864928327394663,
      "w": 0.8724801327569784
    },
    "右小指２": {
      "x": 0,
      "y": 0,
      "z": 0.2856009900569916,
      "w": 0.9583489894866943
    },
    "右小指３": {
      "x": 0,
      "y": 0,
      "z": 0.28730300068855286,
      "w": 0.9578400254249573
    },
    "右足": {
      "x": 0.041276173306115355,
      "y": 0.12670962384732506,
      "z": -0.09250229727590717,
      "w": 0.9867534379645705
    },
    "右ひざ": {
      "x": -0.03346100077033043,
      "y": -0.0001539999939268455,
      "z": -0.03000199981033802,
      "w": 0.998989999294281
    }
  },
  "movableBones": {
    "センター": {
      "x": 1.4125003814697266,
      "y": 7.745832920074463,
      "z": 0.3999999165534973
    },
    "左足ＩＫ": {
      "x": 0.7999985218048096,
      "y": 0.795059323310852,
      "z": 0.5999938249588013
    },
    "右足ＩＫ": {
      "x": -3.000004768371582,
      "y": 1.3450592756271362,
      "z": 0.3000003695487976
    },
    "左つま先ＩＫ": {
      "x": 0.4500002861022949,
      "y": -1.5903797149658203,
      "z": -1.8735084533691406
    },
    "右つま先ＩＫ": {
      "x": -0.04999971389770508,
      "y": -1.5903797149658203,
      "z": -0.8735097050666809
    }
  }
}