{
  "description": "This is an unlabeled pose sample. It is provided solely to help the model learn the natural constraints and patterns of MMD bone rotations, positions, and facial morphs. No semantic description is associated with this pose.",
  "face": {
    "真面目": 0,
    "困る": 0,
    "にこり": 0,
    "怒り": 0,
    "あ": 0,
    "い": 0,
    "う": 0,
    "え": 0,
    "お": 0,
    "お1": 0,
    "にやり２": 0,
    "にやり２1": 0,
    "口横広げ": 0,
    "口横缩げ": 0,
    "口角上げ": 0,
    "口角下げ1": 0,
    "口角下げ": 0,
    "まばたき": 1,
    "笑い": 0,
    "ウィンク": 0,
    "ウィンク右": 0,
    "ウィンク２": 0,
    "ｳｨﾝｸ２右": 0,
    "びっくり": 0,
    "恐ろしい子！": 0,
    "なごみ": 0,
    "はちゅ目": 0,
    "はぅ": 0,
    "ｷﾘｯ": 0,
    "眼角下": 0,
    "眼睑上": 0,
    "じと目": 0,
    "じと目1": 0,
    "照れ": 0
  },
  "rotatableBones": {
    "上半身": {
      "x": -0.0009598354531809934,
      "y": 0.14438226048614877,
      "z": 0.01796728088774299,
      "w": 0.9893576824945222
    },
    "首": {
      "x": 0,
      "y": 0,
      "z": 0,
      "w": 1
    },
    "頭": {
      "x": -0.2312364705043303,
      "y": 0.19690770932121282,
      "z": 0.03415519609501133,
      "w": 0.9521480251435132
    },
    "下半身": {
      "x": -0.044634006917476654,
      "y": 0.12454853951931,
      "z": -0.005608493462204933,
      "w": 0.9911936521530151
    },
    "左腕": {
      "x": -0.11584091186523438,
      "y": -0.0685233324766159,
      "z": -0.3351198136806488,
      "w": 0.9325132369995117
    },
    "左ひじ": {
      "x": -0.04152045398950577,
      "y": -0.04326353594660759,
      "z": -0.09468645602464676,
      "w": 0.993699312210083
    },
    "左手首": {
      "x": 0,
      "y": 0,
      "z": 0,
      "w": 1
    },
    "左親指１": {
      "x": -0.04074300080537796,
      "y": -0.03690500184893608,
      "z": 0.049904000014066696,
      "w": 0.9972400069236754
    },
    "左親指２": {
      "x": 0,
      "y": 0,
      "z": 0,
      "w": 1
    },
    "左人指１": {
      "x": 0,
      "y": 0,
      "z": -0.10480699688196182,
      "w": 0.9944930076599121
    },
    "左人指２": {
      "x": 0,
      "y": 0,
      "z": -0.059964001178741455,
      "w": 0.9982010126113892
    },
    "左人指３": {
      "x": 0,
      "y": 0,
      "z": -0.10977800190448761,
      "w": 0.9939560294151306
    },
    "左中指１": {
      "x": 0,
      "y": 0,
      "z": -0.1345899999141693,
      "w": 0.990900993347168
    },
    "左中指２": {
      "x": 0,
      "y": 0,
      "z": -0.06994300335645676,
      "w": 0.9975510239601135
    },
    "左中指３": {
      "x": 0,
      "y": 0,
      "z": -0.09485699981451035,
      "w": 0.9954910278320312
    },
    "左薬指１": {
      "x": 0,
      "y": 0,
      "z": -0.054972000420093536,
      "w": 0.9984880089759827
    },
    "左薬指２": {
      "x": 0,
      "y": 0,
      "z": -0.07492999732494354,
      "w": 0.9971889853477477
    },
    "左薬指３": {
      "x": 0,
      "y": 0,
      "z": -0.10977800190448761,
      "w": 0.9939560294151306
    },
    "左小指１": {
      "x": 0,
      "y": 0,
      "z": -0.04498500004410744,
      "w": 0.9989879727363586
    },
    "左小指２": {
      "x": 0,
      "y": 0,
      "z": -0.01499900035560131,
      "w": 0.999888002872467
    },
    "左小指３": {
      "x": 0,
      "y": 0,
      "z": -0.0649539977312088,
      "w": 0.9978880286216736
    },
    "左足": {
      "x": -0.0033905094023793936,
      "y": -0.0909612700343132,
      "z": -0.026678962633013725,
      "w": 0.9954909682273865
    },
    "左ひざ": {
      "x": 0.000011000000085914508,
      "y": 0.0010999999940395355,
      "z": 0.024978000670671463,
      "w": 0.9996870160102843
    },
    "左足首": {
      "x": 0.02966799959540367,
      "y": -0.0002030000032391399,
      "z": -0.02538299933075905,
      "w": 0.9992370009422301
    },
    "右腕": {
      "x": 0,
      "y": 0,
      "z": 0.34289801120758057,
      "w": 0.9393730163574219
    },
    "右ひじ": {
      "x": -0.023198873208262537,
      "y": -0.32344605931666764,
      "z": -0.05401296073438474,
      "w": 0.9444184954287188
    },
    "右手首": {
      "x": 0,
      "y": 0,
      "z": 0,
      "w": 1
    },
    "右親指１": {
      "x": 0.03478000932446415,
      "y": 0.11995503747294925,
      "z": 0.09982202813848921,
      "w": 0.9871352746090034
    },
    "右親指２": {
      "x": 0,
      "y": 0,
      "z": 0,
      "w": 1
    },
    "右人指１": {
      "x": 0,
      "y": 0,
      "z": 0.17903000116348267,
      "w": 0.983843982219696
    },
    "右人指２": {
      "x": 0,
      "y": 0,
      "z": 0.14943799376487732,
      "w": 0.9887710213661194
    },
    "右人指３": {
      "x": 0,
      "y": 0,
      "z": 0.1345899999141693,
      "w": 0.990900993347168
    },
    "右中指１": {
      "x": 0,
      "y": 0,
      "z": 0.2084600031375885,
      "w": 0.9780309796333313
    },
    "右中指２": {
      "x": 0,
      "y": 0,
      "z": 0.17903000116348267,
      "w": 0.983843982219696
    },
    "右中指３": {
      "x": 0,
      "y": 0,
      "z": 0.09485699981451035,
      "w": 0.9954910278320312
    },
    "右薬指１": {
      "x": 0,
      "y": 0,
      "z": 0.19866900146007538,
      "w": 0.9800670146942139
    },
    "右薬指２": {
      "x": 0,
      "y": 0,
      "z": 0.11971200257539749,
      "w": 0.992808997631073
    },
    "右薬指３": {
      "x": 0,
      "y": 0,
      "z": 0.10977800190448761,
      "w": 0.9939560294151306
    },
    "右小指１": {
      "x": 0,
      "y": 0,
      "z": 0.17903000116348267,
      "w": 0.983843982219696
    },
    "右小指２": {
      "x": 0,
      "y": 0,
      "z": 0.10977800190448761,
      "w": 0.9939560294151306
    },
    "右小指３": {
      "x": 0,
      "y": 0,
      "z": 0.11971200257539749,
      "w": 0.992808997631073
    },
    "右足": {
      "x": 0,
      "y": 0,
      "z": 0,
      "w": 1
    },
    "右ひざ": {
      "x": -0.03346100077033043,
      "y": -0.0001539999939268455,
      "z": -0.03000199981033802,
      "w": 0.9989899992942809
    }
  },
  "movableBones": {
    "センター": {
      "x": 0,
      "y": 7.820871353149414,
      "z": -0.45000001788139343
    },
    "左足ＩＫ": {
      "x": -0.5,
      "y": 0.7950592041015625,
      "z": -1.2000000476837158
    },
    "右足ＩＫ": {
      "x": 0.3500000238418579,
      "y": 0.7950592041015625,
      "z": 0
    },
    "左つま先ＩＫ": {
      "x": 0,
      "y": -1.5903797149658203,
      "z": -1.8235098123550415
    },
    "右つま先ＩＫ": {
      "x": -0.6500000953674316,
      "y": -1.5903797149658203,
      "z": -1.8235098123550415
    }
  }
}