{
  "description": "Standing with feet slightly apart, the model raises her left arm high above her head, palm open and fingers spread, while her right arm extends outward to the side at shoulder height, also with the palm open and fingers splayed. Her head is held straight, facing forward, with eyes open and looking ahead. The lips are gently closed, giving a composed and lively expression. The overall posture and facial expression convey a sense of energetic greeting or a dynamic, cheerful gesture.\n",
  "face": {
    "あ": 0.20000000298023224,
    "笑い": 0.1111111119389534
  },
  "rotatableBones": {
    "上半身": [
      0.01962883554811037,
      0.1559832388105073,
      0.0017307824718801187,
      0.9875629074138876
    ],
    "首": [
      -1.1917748255576056e-9,
      0,
      0.03998932734348454,
      0.999200036512439
    ],
    "頭": [
      -0.021582142696658743,
      -0.09958965732821559,
      0.02314792355840887,
      0.9945250649790527
    ],
    "下半身": [
      0.044737018996643174,
      0.022014891368808062,
      -0.07642942859463156,
      0.9958270511057876
    ],
    "左腕": [
      0.04692920297384262,
      0.1043340414762497,
      0.46792349219322205,
      0.8763322830200195
    ],
    "左ひじ": [
      0.06584054976701736,
      0.14488568902015686,
      0.38315749168395996,
      0.9098691940307617
    ],
    "左手首": [
      -0.0010833521373569965,
      0.06495063006877899,
      0.18657797574996948,
      0.9802902340888977
    ],
    "左親指１": [
      0.029771000146865845,
      0.1363299936056137,
      0.21126000583171844,
      0.9674170017242432
    ],
    "左人指１": [
      0.01564900018274784,
      0.08850599825382233,
      0.17340299487113953,
      0.9807400107383728
    ],
    "左中指１": [
      -0.008741999976336956,
      -0.06436300277709961,
      0.13430599868297577,
      0.9888079762458801
    ],
    "左中指２": [
      0,
      0,
      0,
      0.9999999999999999
    ],
    "左薬指１": [
      -0.03458999842405319,
      -0.19563500583171844,
      0.17063699662685394,
      0.9650959968566895
    ],
    "左小指１": [
      -0.061333999037742615,
      -0.3468930125236511,
      0.16294699907302856,
      0.9216020107269287
    ],
    "左足": [
      -0.053884357213974,
      0.11113625764846802,
      0.18148095905780792,
      0.9756072163581848
    ],
    "左ひざ": [
      0.000011000001125337023,
      0.0011000001270856175,
      0.02497800386377743,
      0.9996871522494725
    ],
    "左足首": [
      0.029668001724140983,
      -0.00020300001986990016,
      -0.02538300145949636,
      0.9992371031216212
    ],
    "右腕": [
      0.21931599080562592,
      -0.11083506792783737,
      -0.3336518108844757,
      0.910105288028717
    ],
    "右ひじ": [
      0.38460907340049744,
      0.2881205081939697,
      -0.0645304024219513,
      0.8745840787887573
    ],
    "右手首": [
      0.02932329662144184,
      0.036964740604162216,
      -0.24656717479228973,
      0.967976450920105
    ],
    "右親指１": [
      0.029771000146865845,
      -0.1363299936056137,
      -0.21126000583171844,
      0.9674170017242432
    ],
    "右人指１": [
      0.01564900018274784,
      -0.08850599825382233,
      -0.17340299487113953,
      0.9807400107383728
    ],
    "右中指１": [
      -0.008741999976336956,
      0.06436300277709961,
      -0.13430599868297577,
      0.9888079762458801
    ],
    "右中指２": [
      0,
      0,
      0,
      0.9999999999999999
    ],
    "右薬指１": [
      -0.03458999842405319,
      0.19563500583171844,
      -0.17063699662685394,
      0.9650959968566895
    ],
    "右小指１": [
      -0.061333999037742615,
      0.3468930125236511,
      -0.16294699907302856,
      0.9216020107269287
    ],
    "右足": [
      0.0009628360699028603,
      0.04373317115478079,
      0.013910999095010418,
      0.9989457923355565
    ],
    "右ひざ": [
      -0.03346100502780505,
      -0.00015400001887298586,
      -0.030002004067812643,
      0.998990135533469
    ]
  },
  "movableBones": {
    "センター": [
      -0.9882866144180298,
      7.096407890319824,
      0.3882858157157898
    ],
    "左足ＩＫ": [
      -1.05479896068573,
      1.1450542211532593,
      0.4749957323074341
    ],
    "右足ＩＫ": [
      -3,
      0.7950592041015625,
      0.05000072717666626
    ],
    "左つま先ＩＫ": [
      -0.013094618916511536,
      -1.5903797149658203,
      -1.9996999502182007
    ],
    "右つま先ＩＫ": [
      0.05000138282775879,
      -1.5903797149658203,
      -1.7735090255737305
    ]
  }
}