{
  "description": "Standing upright with feet together and arms relaxed at the sides, the model faces directly forward in a neutral, balanced stance. The head is held straight, and the eyes are open, gazing calmly ahead. The lips are gently closed, and the overall facial expression is neutral and composed, conveying a sense of quiet attentiveness and readiness.",
  "face": {},
  "rotatableBones": {
    "右腕": [
      -0.04467056691646576,
      0.032038815319538116,
      0.3329825699329376,
      0.9413286447525024
    ],
    "左手首": [
      -0.09379832446575165,
      0.1213759183883667,
      -0.033255450427532196,
      0.9876051545143127
    ],
    "右ひじ": [
      0.0879952609539032,
      -0.10830094665288925,
      2.9103830456733704e-10,
      0.9902156591415405
    ],
    "右手首": [
      -0.10450716316699982,
      -0.11228758096694946,
      0.12344799935817719,
      0.9804219007492065
    ],
    "右中指１": [
      0.018311848863959312,
      0.059052933007478714,
      0.10244157165288925,
      0.9928151369094849
    ],
    "右中指２": [
      5.358830179602592e-8,
      -1.8720951899808824e-8,
      0.3212587237358093,
      0.946991503238678
    ],
    "右中指３": [
      -4.898403904718407e-9,
      -4.0010181834304603e-8,
      0.2205258309841156,
      0.9753811955451965
    ],
    "右薬指１": [
      0.029687535017728806,
      0.07315023988485336,
      0.12119705975055695,
      0.9894825220108032
    ],
    "右薬指２": [
      -2.292709133655535e-9,
      -6.03565695200814e-8,
      0.36572495102882385,
      0.930722713470459
    ],
    "右薬指３": [
      0.09918088465929031,
      0.011393805965781212,
      0.2122812569141388,
      0.9720951318740845
    ],
    "右小指１": [
      0.06523651629686356,
      0.16134533286094666,
      0.13552989065647125,
      0.9753669500350952
    ],
    "右小指２": [
      -0.04455472528934479,
      -0.006206817459315062,
      0.28425392508506775,
      0.9576935768127441
    ],
    "右小指３": [
      0.11078445613384247,
      0.10803765058517456,
      0.303877592086792,
      0.9400596022605896
    ],
    "右人指１": [
      -0.056238215416669846,
      -0.030564993619918823,
      0.07589453458786011,
      0.9950588345527649
    ],
    "右人指２": [
      -2.580245279659721e-7,
      9.95539494397235e-7,
      0.27126410603523254,
      0.9625037312507629
    ],
    "右人指３": [
      6.625986515018667e-8,
      -5.485039089592192e-9,
      0.2222457379102707,
      0.97499018907547
    ],
    "右親指１": [
      -0.07529199868440628,
      0.06247900053858757,
      0.023094000294804573,
      0.9949349761009216
    ],
    "右親指２": [
      -0.1266079992055893,
      0.11046300083398819,
      0,
      0.9857829809188843
    ],
    "左腕": [
      -0.04467056691646576,
      -0.032038815319538116,
      -0.3329825699329376,
      0.9413286447525024
    ],
    "左ひじ": [
      0.0879952609539032,
      0.10830094665288925,
      -2.9103830456733704e-10,
      0.9902156591415405
    ],
    "左中指１": [
      0.018311848863959312,
      -0.059052933007478714,
      -0.10244157165288925,
      0.9928151369094849
    ],
    "左中指２": [
      5.358830179602592e-8,
      1.8720951899808824e-8,
      -0.3212587237358093,
      0.946991503238678
    ],
    "左中指３": [
      -4.898403904718407e-9,
      4.0010181834304603e-8,
      -0.2205258309841156,
      0.9753811955451965
    ],
    "左薬指１": [
      0.029687535017728806,
      -0.07315023988485336,
      -0.12119705975055695,
      0.9894825220108032
    ],
    "左薬指２": [
      -2.292709133655535e-9,
      6.03565695200814e-8,
      -0.36572495102882385,
      0.930722713470459
    ],
    "左薬指３": [
      0.09918088465929031,
      -0.011393805965781212,
      -0.2122812569141388,
      0.9720951318740845
    ],
    "左小指１": [
      0.06523651629686356,
      -0.16134533286094666,
      -0.13552989065647125,
      0.9753669500350952
    ],
    "左小指２": [
      -0.04455472528934479,
      0.006206817459315062,
      -0.28425392508506775,
      0.9576935768127441
    ],
    "左小指３": [
      0.11078445613384247,
      -0.10803765058517456,
      -0.303877592086792,
      0.9400596022605896
    ],
    "左人指１": [
      -0.056238215416669846,
      0.030564993619918823,
      -0.07589453458786011,
      0.9950588345527649
    ],
    "左人指２": [
      -2.580245279659721e-7,
      -9.95539494397235e-7,
      -0.27126410603523254,
      0.9625037312507629
    ],
    "左人指３": [
      6.625986515018667e-8,
      5.485039089592192e-9,
      -0.2222457379102707,
      0.97499018907547
    ],
    "左親指１": [
      -0.07529199868440628,
      -0.06247900053858757,
      -0.023094000294804573,
      0.9949349761009216
    ],
    "左親指２": [
      -0.1266079992055893,
      -0.11046300083398819,
      0,
      0.9857829809188843
    ]
  },
  "movableBones": {
    "センター": [
      0,
      7.999999523162842,
      0
    ],
    "左足ＩＫ": [
      0.2999999523162842,
      0.7950592041015625,
      0
    ],
    "右足ＩＫ": [
      -0.30000007152557373,
      0.7950592041015625,
      0
    ]
  }
}