{
  "description": "This is an unlabeled pose sample. It is provided solely to help the model learn the natural constraints and patterns of MMD bone rotations, positions, and facial morphs. No semantic description is associated with this pose.",
  "face": {
    "真面目": 0,
    "困る": 0,
    "にこり": 0,
    "怒り": 0,
    "あ": 0,
    "い": 0,
    "う": 0.12000000476837158,
    "え": 0,
    "お": 0,
    "お1": 0,
    "にやり２": 0,
    "にやり２1": 0,
    "口横広げ": 0,
    "口横缩げ": 0,
    "口角上げ": 0,
    "口角下げ1": 0,
    "口角下げ": 0,
    "まばたき": 0,
    "笑い": 0,
    "ウィンク": 0,
    "ウィンク右": 0,
    "ウィンク２": 0,
    "ｳｨﾝｸ２右": 0,
    "びっくり": 0,
    "恐ろしい子！": 0,
    "なごみ": 0,
    "はちゅ目": 0,
    "はぅ": 0,
    "ｷﾘｯ": 0,
    "眼角下": 0,
    "眼睑上": 0,
    "じと目": 0,
    "じと目1": 0,
    "照れ": 0
  },
  "rotatableBones": {
    "上半身": {
      "x": 0.004241039434223713,
      "y": -0.12047083012020536,
      "z": -0.028174594374896007,
      "w": 0.992307814726408
    },
    "首": {
      "x": 0,
      "y": 0,
      "z": -0.044984810054302216,
      "w": 0.99898761510849
    },
    "頭": {
      "x": 0.009152629261958615,
      "y": -0.3012563903948191,
      "z": 0.08886450053637719,
      "w": 0.9493489720303391
    },
    "下半身": {
      "x": 0.01896952696404199,
      "y": 0.051431771497991635,
      "z": 0.04569170693365057,
      "w": 0.9974493557158715
    },
    "左腕": {
      "x": 0.1957966028562673,
      "y": -0.21963902798896257,
      "z": -0.21511807769243196,
      "w": 0.9312061324048413
    },
    "左ひじ": {
      "x": 0.2986001705242527,
      "y": -0.1853727873485459,
      "z": 0.005851533563143236,
      "w": 0.9361838035131447
    },
    "左手首": {
      "x": 0.24483958658094612,
      "y": -0.343349436815985,
      "z": 0.41706862202901634,
      "w": 0.8051193257899961
    },
    "左親指１": {
      "x": -0.17088916332182413,
      "y": -0.041853141600883964,
      "z": -0.18976178038345307,
      "w": 0.9659375392062093
    },
    "左親指２": {
      "x": -0.32869035863593177,
      "y": -0.26372217088896943,
      "z": 0,
      "w": 0.9068702295226144
    },
    "左人指１": {
      "x": -0.03923034336456644,
      "y": 0.02035537092522116,
      "z": -0.5053607714299847,
      "w": 0.861775387545096
    },
    "左人指２": {
      "x": 0,
      "y": 0,
      "z": -0.5646424925680905,
      "w": 0.8253351943789682
    },
    "左人指３": {
      "x": 0,
      "y": 0,
      "z": -0.576957908219201,
      "w": 0.8167733215134603
    },
    "左中指１": {
      "x": -0.0025543937592617887,
      "y": -0.018806732219880683,
      "z": -0.5648432517239148,
      "w": 0.8249796159217544
    },
    "左中指２": {
      "x": 0,
      "y": 0,
      "z": -0.5364706682590188,
      "w": 0.8439183564998429
    },
    "左中指３": {
      "x": 0,
      "y": 0,
      "z": -0.6871072735360122,
      "w": 0.7265562213926479
    },
    "左薬指１": {
      "x": 0.02190413206620212,
      "y": -0.0640960831480989,
      "z": -0.5795925006020022,
      "w": 0.8120856387402724
    },
    "左薬指２": {
      "x": 0,
      "y": 0,
      "z": -0.5333020710135862,
      "w": 0.8459245622602568
    },
    "左薬指３": {
      "x": 0,
      "y": 0,
      "z": -0.6160750678767394,
      "w": 0.7876871824362628
    },
    "左小指１": {
      "x": 0.046663512487730235,
      "y": -0.1186211837780709,
      "z": -0.6306304052421753,
      "w": 0.7655417649209706
    },
    "左小指２": {
      "x": 0,
      "y": 0,
      "z": -0.5738911602432469,
      "w": 0.8189310753275543
    },
    "左小指３": {
      "x": 0,
      "y": 0,
      "z": -0.576957908219201,
      "w": 0.8167733215134603
    },
    "左足": {
      "x": 0,
      "y": 0,
      "z": 0,
      "w": 1
    },
    "左ひざ": {
      "x": 0.000011000000085914508,
      "y": 0.0010999999940395353,
      "z": 0.024978000670671463,
      "w": 0.9996870160102844
    },
    "左足首": {
      "x": 0.02966799959540367,
      "y": -0.00020300000323913991,
      "z": -0.02538299933075905,
      "w": 0.9992370009422302
    },
    "右腕": {
      "x": 0.23820337934000496,
      "y": -0.051007107170134056,
      "z": -0.360385861414893,
      "w": 0.9004329191982073
    },
    "右ひじ": {
      "x": 0.360893134223141,
      "y": -0.7321533421995718,
      "z": -0.4420716726062177,
      "w": 0.37186126905779293
    },
    "右手首": {
      "x": 0.023859702256793375,
      "y": -0.095269709638323,
      "z": -0.22209009749672087,
      "w": 0.9700657697447407
    },
    "右親指１": {
      "x": -0.17088916332182413,
      "y": 0.041853141600883964,
      "z": 0.18976178038345307,
      "w": 0.9659375392062093
    },
    "右親指２": {
      "x": -0.32869035863593177,
      "y": 0.26372217088896943,
      "z": 0,
      "w": 0.9068702295226144
    },
    "右人指１": {
      "x": -0.03923034336456644,
      "y": -0.02035537092522116,
      "z": 0.5053607714299847,
      "w": 0.861775387545096
    },
    "右人指２": {
      "x": 0,
      "y": 0,
      "z": 0.5646424925680905,
      "w": 0.8253351943789682
    },
    "右人指３": {
      "x": 0,
      "y": 0,
      "z": 0.576957908219201,
      "w": 0.8167733215134603
    },
    "右中指１": {
      "x": -0.0025543937592617887,
      "y": 0.018806732219880683,
      "z": 0.5648432517239148,
      "w": 0.8249796159217544
    },
    "右中指２": {
      "x": 0,
      "y": 0,
      "z": 0.5364706682590188,
      "w": 0.8439183564998429
    },
    "右中指３": {
      "x": 0,
      "y": 0,
      "z": 0.6871072735360122,
      "w": 0.7265562213926479
    },
    "右薬指１": {
      "x": 0.02190413206620212,
      "y": 0.0640960831480989,
      "z": 0.5795925006020022,
      "w": 0.8120856387402724
    },
    "右薬指２": {
      "x": 0,
      "y": 0,
      "z": 0.5333020710135862,
      "w": 0.8459245622602568
    },
    "右薬指３": {
      "x": 0,
      "y": 0,
      "z": 0.6160750678767394,
      "w": 0.7876871824362628
    },
    "右小指１": {
      "x": 0.046663512487730235,
      "y": 0.1186211837780709,
      "z": 0.6306304052421753,
      "w": 0.7655417649209706
    },
    "右小指２": {
      "x": 0,
      "y": 0,
      "z": 0.5738911602432469,
      "w": 0.8189310753275543
    },
    "右小指３": {
      "x": 0,
      "y": 0,
      "z": 0.576957908219201,
      "w": 0.8167733215134603
    },
    "右足": {
      "x": -0.0006757077525449993,
      "y": 0.0014895406152739146,
      "z": -0.000017717201274953542,
      "w": 0.9999986613745397
    },
    "右ひざ": {
      "x": -0.03346100077033043,
      "y": -0.0001539999939268455,
      "z": -0.03000199981033802,
      "w": 0.9989899992942809
    }
  },
  "movableBones": {
    "センター": {
      "x": 0.6327507495880127,
      "y": 7.249281883239746,
      "z": 2.1299991607666016
    },
    "左足ＩＫ": {
      "x": 1.5500001907348633,
      "y": 0.795059323310852,
      "z": 1.3999911546707153
    },
    "右足ＩＫ": {
      "x": 1.2875056266784668,
      "y": 0.7950592041015625,
      "z": 2.8500008583068848
    },
    "左つま先ＩＫ": {
      "x": -0.4999997615814209,
      "y": -1.5903797149658203,
      "z": -1.7235101461410522
    },
    "右つま先ＩＫ": {
      "x": 0.05000150203704834,
      "y": -1.5903797149658203,
      "z": -1.773508906364441
    }
  }
}