{
  "description": "This is an unlabeled pose sample. It is provided solely to help the model learn the natural constraints and patterns of MMD bone rotations, positions, and facial morphs. No semantic description is associated with this pose.",
  "face": {
    "真面目": 0,
    "困る": 0,
    "にこり": 0,
    "怒り": 0,
    "あ": 0.4000000059604645,
    "い": 0,
    "う": 0,
    "え": 0,
    "お": 0,
    "お1": 0,
    "にやり２": 0,
    "にやり２1": 0,
    "口横広げ": 0,
    "口横缩げ": 0,
    "口角上げ": 0,
    "口角下げ1": 0,
    "口角下げ": 0,
    "まばたき": 0,
    "笑い": 0,
    "ウィンク": 0,
    "ウィンク右": 0,
    "ウィンク２": 0,
    "ｳｨﾝｸ２右": 0,
    "びっくり": 0,
    "恐ろしい子！": 0,
    "なごみ": 0,
    "はちゅ目": 0,
    "はぅ": 0,
    "ｷﾘｯ": 0,
    "眼角下": 0,
    "眼睑上": 0,
    "じと目": 0,
    "じと目1": 0,
    "照れ": 0
  },
  "rotatableBones": {
    "上半身": {
      "x": -0.04850320947578193,
      "y": 0.25694911832309275,
      "z": -0.0015785500235916492,
      "w": 0.9652048782616215
    },
    "首": {
      "x": 0,
      "y": 0,
      "z": 0,
      "w": 1
    },
    "頭": {
      "x": 0.020361076290910104,
      "y": -0.18765470093835418,
      "z": 0.012916482798885028,
      "w": 0.9819390638514758
    },
    "下半身": {
      "x": -0.014379882308427457,
      "y": 0.05697442073084092,
      "z": -0.006803407067676479,
      "w": 0.9982450439480625
    },
    "左腕": {
      "x": 0.3165001825253027,
      "y": 0.06665919592727151,
      "z": -0.36705434040579277,
      "w": 0.8721541588513131
    },
    "左ひじ": {
      "x": -0.15299616754055023,
      "y": 0.3897418975830078,
      "z": -0.27252843976020813,
      "w": 0.8662684559822083
    },
    "左手首": {
      "x": -1.634044899390119e-8,
      "y": -1.2067502552781662e-8,
      "z": -0.13459031283855438,
      "w": 0.9909012317657471
    },
    "左親指１": {
      "x": -0.19670308283263965,
      "y": 0.340629151617799,
      "z": 0.1618920635058508,
      "w": 0.9050243646287515
    },
    "左親指２": {
      "x": 0,
      "y": 0,
      "z": 0,
      "w": 1
    },
    "左人指１": {
      "x": 0,
      "y": 0,
      "z": 0,
      "w": 1
    },
    "左人指２": {
      "x": 0,
      "y": 0,
      "z": 0,
      "w": 1
    },
    "左人指３": {
      "x": 0,
      "y": 0,
      "z": 0,
      "w": 1
    },
    "左中指１": {
      "x": 0,
      "y": 0,
      "z": 0,
      "w": 1
    },
    "左中指２": {
      "x": 0,
      "y": 0,
      "z": 0,
      "w": 1
    },
    "左中指３": {
      "x": 0,
      "y": 0,
      "z": 0,
      "w": 1
    },
    "左薬指１": {
      "x": 0,
      "y": 0,
      "z": 0,
      "w": 1
    },
    "左薬指２": {
      "x": 0,
      "y": 0,
      "z": 0,
      "w": 1
    },
    "左薬指３": {
      "x": 0,
      "y": 0,
      "z": 0,
      "w": 1
    },
    "左小指１": {
      "x": 0,
      "y": 0,
      "z": 0,
      "w": 1
    },
    "左小指２": {
      "x": 0,
      "y": 0,
      "z": 0,
      "w": 1
    },
    "左小指３": {
      "x": 0,
      "y": 0,
      "z": 0,
      "w": 1
    },
    "左足": {
      "x": -0.0012500470247188687,
      "y": -0.024103268562242704,
      "z": -0.012105300347789671,
      "w": 0.9996352781341178
    },
    "左ひざ": {
      "x": 0.000011000000085914508,
      "y": 0.0010999999940395355,
      "z": 0.024978000670671463,
      "w": 0.9996870160102844
    },
    "左足首": {
      "x": 0.02966799959540367,
      "y": -0.00020300000323913991,
      "z": -0.02538299933075905,
      "w": 0.9992370009422301
    },
    "右腕": {
      "x": 0.0533108296929322,
      "y": -0.03432161060139277,
      "z": 0.3054755632786837,
      "w": 0.9500864025873303
    },
    "右ひじ": {
      "x": 0.2430119780098045,
      "y": -0.3984501200410946,
      "z": 0.18401981063713913,
      "w": 0.8650536994036367
    },
    "右手首": {
      "x": 0.021949415724550076,
      "y": 0.012282431377243953,
      "z": 0.019086827124782563,
      "w": 0.9995014004211814
    },
    "右親指１": {
      "x": 0.027178000658750534,
      "y": 0.20399099588394165,
      "z": 0.10071399807929993,
      "w": 0.9733989834785461
    },
    "右親指２": {
      "x": -0.04880699887871742,
      "y": 0.11706800013780594,
      "z": -0.13370700180530548,
      "w": 0.9828709959983826
    },
    "右人指１": {
      "x": 0,
      "y": 0,
      "z": 0.24620699882507324,
      "w": 0.9692170023918152
    },
    "右人指２": {
      "x": 0,
      "y": 0,
      "z": 0.28048807538475623,
      "w": 0.9598571963071187
    },
    "右人指３": {
      "x": 0,
      "y": 0,
      "z": 0.28730300068855286,
      "w": 0.9578400254249573
    },
    "右中指１": {
      "x": 0,
      "y": 0,
      "z": 0.2958019971847534,
      "w": 0.955249011516571
    },
    "右中指２": {
      "x": 0,
      "y": 0,
      "z": 0.20987799763679504,
      "w": 0.977728009223938
    },
    "右中指３": {
      "x": 0,
      "y": 0,
      "z": 0.3512749969959259,
      "w": 0.9362729787826538
    },
    "右薬指１": {
      "x": 0,
      "y": 0,
      "z": 0.25137001276016235,
      "w": 0.9678909778594971
    },
    "右薬指２": {
      "x": 0,
      "y": 0,
      "z": 0.22721700370311737,
      "w": 0.9738439917564392
    },
    "右薬指３": {
      "x": 0,
      "y": 0,
      "z": 0.30935001373291016,
      "w": 0.9509479999542236
    },
    "右小指１": {
      "x": 0,
      "y": 0,
      "z": 0.24792799353599548,
      "w": 0.9687780141830444
    },
    "右小指２": {
      "x": 0,
      "y": 0,
      "z": 0.2856009900569916,
      "w": 0.9583489894866943
    },
    "右小指３": {
      "x": 0,
      "y": 0,
      "z": 0.28730300068855286,
      "w": 0.9578400254249573
    },
    "右足": {
      "x": -0.0013161374773127807,
      "y": 0.0022898880754247696,
      "z": 0.0008296114368699496,
      "w": 0.9999960306543375
    },
    "右ひざ": {
      "x": -0.03346100077033043,
      "y": -0.0001539999939268455,
      "z": -0.03000199981033802,
      "w": 0.9989899992942809
    }
  },
  "movableBones": {
    "センター": {
      "x": 1.5599993467330933,
      "y": 7.069994926452637,
      "z": 3.699997663497925
    },
    "左足ＩＫ": {
      "x": 1.3499937057495117,
      "y": 0.7950596809387207,
      "z": 3.65000057220459
    },
    "右足ＩＫ": {
      "x": 1.8499996662139893,
      "y": 0.7950592041015625,
      "z": 3.400001049041748
    },
    "左つま先ＩＫ": {
      "x": -0.10000014305114746,
      "y": -1.5903797149658203,
      "z": -1.873504400253296
    },
    "右つま先ＩＫ": {
      "x": -0.05000025033950806,
      "y": -1.5903797149658203,
      "z": -1.9235081672668457
    }
  }
}