{
  "description": "Standing with both arms extended forward, palms open and fingers spread, as if gently pushing something away. The body leans slightly forward, left foot ahead of the right, with a confident yet gentle expression. The head is tilted slightly down, eyes focused ahead, lips softly pursed.",
  "face": {
    "真面目": 0,
    "困る": 0,
    "にこり": 0,
    "怒り": 0,
    "あ": 0,
    "い": 0,
    "う": 0,
    "え": 0,
    "お": 0.6000000238418579,
    "お1": 0,
    "にやり２": 0,
    "にやり２1": 0,
    "口横広げ": 0,
    "口横缩げ": 0,
    "口角上げ": 0,
    "口角下げ1": 0,
    "口角下げ": 0,
    "まばたき": 0,
    "笑い": 0,
    "ウィンク": 0,
    "ウィンク右": 0,
    "ウィンク２": 0,
    "ｳｨﾝｸ２右": 0,
    "びっくり": 0,
    "恐ろしい子！": 0,
    "なごみ": 0,
    "はちゅ目": 0,
    "はぅ": 0,
    "ｷﾘｯ": 0,
    "眼角下": 0,
    "眼睑上": 0,
    "じと目": 0,
    "じと目1": 0,
    "照れ": 0
  },
  "rotatableBones": {
    "上半身": {
      "x": -0.20278325808947278,
      "y": -0.04250708392665012,
      "z": -0.04490011465271532,
      "w": 0.977269578691903
    },
    "首": {
      "x": 0,
      "y": 0,
      "z": 0,
      "w": 1
    },
    "頭": {
      "x": 0.16028053442752188,
      "y": -0.010471827311215112,
      "z": -0.0920477723208969,
      "w": 0.9827136760359003
    },
    "下半身": {
      "x": -0.09260278915699532,
      "y": -0.0959935587924491,
      "z": 0.010738880268656334,
      "w": 0.9910067141356517
    },
    "左腕": {
      "x": 0.3834422183662801,
      "y": 0.19725209348071407,
      "z": 0.15121081803575656,
      "w": 0.889491859122264
    },
    "左ひじ": {
      "x": 0.10407329739790971,
      "y": 0.2838909364536251,
      "z": 0.17826049569874944,
      "w": 0.9363739028253395
    },
    "左手首": {
      "x": 0.009098803225456063,
      "y": -0.266614814336306,
      "z": 0.3502785648684438,
      "w": 0.8978514256825558
    },
    "左親指１": {
      "x": -0.04917711801956395,
      "y": 0.30419823424391823,
      "z": -0.16205995053566657,
      "w": 0.9374325765877194
    },
    "左親指２": {
      "x": 0,
      "y": 0,
      "z": 0,
      "w": 1
    },
    "左人指１": {
      "x": 0.003851002907659779,
      "y": 0.08979637150871246,
      "z": 0.042670470199313054,
      "w": 0.995037468923735
    },
    "左人指２": {
      "x": 0,
      "y": 0,
      "z": 0,
      "w": 1
    },
    "左人指３": {
      "x": 0,
      "y": 0,
      "z": 0,
      "w": 1
    },
    "左中指１": {
      "x": -0.004704736457776393,
      "y": -0.06478339334538,
      "z": 0.07228347309631394,
      "w": 0.995266226432455
    },
    "左中指２": {
      "x": 0,
      "y": 0,
      "z": 0,
      "w": 1
    },
    "左中指３": {
      "x": 0,
      "y": 0,
      "z": 0,
      "w": 1
    },
    "左薬指１": {
      "x": -0.008507815428778133,
      "y": -0.1883790576391338,
      "z": 0.08202153359066332,
      "w": 0.9786273169787333
    },
    "左薬指２": {
      "x": 0,
      "y": 0,
      "z": 0,
      "w": 1
    },
    "左薬指３": {
      "x": 0,
      "y": 0,
      "z": 0,
      "w": 1
    },
    "左小指１": {
      "x": -0.01102815212838838,
      "y": -0.30598656460521806,
      "z": 0.04990421859100359,
      "w": 0.9506625049895271
    },
    "左小指２": {
      "x": 0,
      "y": 0,
      "z": 0,
      "w": 1
    },
    "左小指３": {
      "x": 0,
      "y": 0,
      "z": 0,
      "w": 1
    },
    "左足": {
      "x": 0.019024612667958303,
      "y": 0.03313328108179926,
      "z": 0.07842090673146425,
      "w": 0.9961879883843916
    },
    "左ひざ": {
      "x": 0.000011000000085914508,
      "y": 0.0010999999940395355,
      "z": 0.024978000670671463,
      "w": 0.9996870160102844
    },
    "左足首": {
      "x": 0.02966799959540367,
      "y": -0.00020300000323913991,
      "z": -0.02538299933075905,
      "w": 0.9992370009422302
    },
    "右腕": {
      "x": 0.3480950640751731,
      "y": -0.37742381581550943,
      "z": -0.0277864226856578,
      "w": 0.8576748970195969
    },
    "右ひじ": {
      "x": -0.04133040504526835,
      "y": -0.2743660559384981,
      "z": -0.34429996645822797,
      "w": 0.8969233097772309
    },
    "右手首": {
      "x": 0.08893655298770806,
      "y": 0.327454734633642,
      "z": -0.27382640900645216,
      "w": 0.8999340615715749
    },
    "右親指１": {
      "x": 0.05604384232691051,
      "y": -0.1587343632147711,
      "z": 0.33827517786184014,
      "w": 0.9258678356017283
    },
    "右親指２": {
      "x": 0,
      "y": 0,
      "z": 0,
      "w": 1
    },
    "右人指１": {
      "x": 0.015649008774042607,
      "y": -0.08850604684357954,
      "z": -0.17340309006931354,
      "w": 0.9807405491642417
    },
    "右人指２": {
      "x": 0,
      "y": 0,
      "z": 0,
      "w": 1
    },
    "右人指３": {
      "x": 0,
      "y": 0,
      "z": 0,
      "w": 1
    },
    "右中指１": {
      "x": -0.008742003562529743,
      "y": 0.06436302918045547,
      "z": -0.13430605377874388,
      "w": 0.9888083818802934
    },
    "右中指２": {
      "x": 0,
      "y": 0,
      "z": 0,
      "w": 1
    },
    "右中指３": {
      "x": 0,
      "y": 0,
      "z": 0,
      "w": 1
    },
    "右薬指１": {
      "x": -0.03459002575130816,
      "y": 0.19563516038991235,
      "z": -0.17063713143578502,
      "w": 0.9650967593147863
    },
    "右薬指２": {
      "x": 0,
      "y": 0,
      "z": 0,
      "w": 1
    },
    "右薬指３": {
      "x": 0,
      "y": 0,
      "z": 0,
      "w": 1
    },
    "右小指１": {
      "x": -0.06133401999435538,
      "y": 0.34689313105012337,
      "z": -0.16294705474879104,
      "w": 0.9216023256200838
    },
    "右小指２": {
      "x": 0,
      "y": 0,
      "z": 0,
      "w": 1
    },
    "右小指３": {
      "x": 0,
      "y": 0,
      "z": 0,
      "w": 1
    },
    "右足": {
      "x": 0.014415534947191659,
      "y": -0.09672876607264919,
      "z": -0.14286945743589402,
      "w": 0.9848978632613241
    },
    "右ひざ": {
      "x": -0.03346100077033043,
      "y": -0.0001539999939268455,
      "z": -0.03000199981033802,
      "w": 0.998989999294281
    }
  },
  "movableBones": {
    "センター": {
      "x": -3.350008010864258,
      "y": 7.439437389373779,
      "z": 0.3999999761581421
    },
    "左足ＩＫ": {
      "x": -3.0416781902313232,
      "y": 1.1700553894042969,
      "z": 1.19999098777771
    },
    "右足ＩＫ": {
      "x": -5.050005912780762,
      "y": 0.795059323310852,
      "z": -0.05000108480453491
    },
    "左つま先ＩＫ": {
      "x": -0.09999799728393555,
      "y": -1.5903797149658203,
      "z": -1.4735007286071777
    },
    "右つま先ＩＫ": {
      "x": 1.049999713897705,
      "y": -1.5903797149658203,
      "z": -1.6235072612762451
    }
  }
}