{
  "description": "This is an unlabeled pose sample. It is provided solely to help the model learn the natural constraints and patterns of MMD bone rotations, positions, and facial morphs. No semantic description is associated with this pose.",
  "face": {
    "真面目": 0,
    "困る": 0,
    "にこり": 0,
    "怒り": 0,
    "あ": 0,
    "い": 0,
    "う": 0,
    "え": 0,
    "お": 0.6000000238418579,
    "お1": 0,
    "にやり２": 0,
    "にやり２1": 0,
    "口横広げ": 0,
    "口横缩げ": 0,
    "口角上げ": 0,
    "口角下げ1": 0,
    "口角下げ": 0,
    "まばたき": 0,
    "笑い": 0,
    "ウィンク": 0,
    "ウィンク右": 0,
    "ウィンク２": 0,
    "ｳｨﾝｸ２右": 0,
    "びっくり": 0,
    "恐ろしい子！": 0,
    "なごみ": 0,
    "はちゅ目": 0,
    "はぅ": 0,
    "ｷﾘｯ": 0,
    "眼角下": 0,
    "眼睑上": 0,
    "じと目": 0,
    "じと目1": 0,
    "照れ": 0
  },
  "rotatableBones": {
    "上半身": {
      "x": -0.019447289407253262,
      "y": -0.02649125829339027,
      "z": 0.03253838419914245,
      "w": 0.9989282488822936
    },
    "首": {
      "x": 0.001580068544716094,
      "y": -0.11730728130937443,
      "z": -0.0526531452524712,
      "w": 0.9916975412745132
    },
    "頭": {
      "x": 0.008181735509068349,
      "y": -0.34430352524037855,
      "z": 0.0031340228654898493,
      "w": 0.9388173056786946
    },
    "下半身": {
      "x": 0.024191932752728462,
      "y": -0.0024669598788022995,
      "z": -0.0052721574902534485,
      "w": 0.9996885061264038
    },
    "左腕": {
      "x": -0.08047238658067692,
      "y": 0.07499947610155294,
      "z": 0.16452566996857282,
      "w": 0.9802167616674567
    },
    "左ひじ": {
      "x": -0.21282121423148284,
      "y": 0.08733627257815718,
      "z": -0.002820051003370416,
      "w": 0.9731756192832441
    },
    "左手首": {
      "x": -0.04041727259755134,
      "y": 0.044736173003911965,
      "z": 0.5935752987861632,
      "w": 0.8025150299072265
    },
    "左親指１": {
      "x": -0.06006733931164239,
      "y": 0.12595280995821823,
      "z": -0.426245890797007,
      "w": 0.8937792232828676
    },
    "左親指２": {
      "x": 0,
      "y": 0,
      "z": 0,
      "w": 1
    },
    "左人指１": {
      "x": 0.01564900445545137,
      "y": 0.08850602241893744,
      "z": 0.1734030422159909,
      "w": 0.9807402785133905
    },
    "左人指２": {
      "x": 0,
      "y": 0,
      "z": 0,
      "w": 1
    },
    "左人指３": {
      "x": 0,
      "y": 0,
      "z": 0,
      "w": 1
    },
    "左中指１": {
      "x": -0.008742001759856106,
      "y": -0.06436301590826506,
      "z": 0.13430602608372175,
      "w": 0.9888081779798044
    },
    "左中指２": {
      "x": 0,
      "y": 0,
      "z": 0,
      "w": 1
    },
    "左中指３": {
      "x": 0,
      "y": 0,
      "z": 0,
      "w": 1
    },
    "左薬指１": {
      "x": -0.034590012014700404,
      "y": -0.19563508269805174,
      "z": 0.17063706367129824,
      "w": 0.9650963760495146
    },
    "左薬指２": {
      "x": 0,
      "y": 0,
      "z": 0,
      "w": 1
    },
    "左薬指３": {
      "x": 0,
      "y": 0,
      "z": 0,
      "w": 1
    },
    "左小指１": {
      "x": -0.06133400946008258,
      "y": -0.34689307147035225,
      "z": 0.16294702676222295,
      "w": 0.9216021673325573
    },
    "左小指２": {
      "x": 0,
      "y": 0,
      "z": 0,
      "w": 1
    },
    "左小指３": {
      "x": 0,
      "y": 0,
      "z": 0,
      "w": 1
    },
    "左足": {
      "x": 0.014120644710137322,
      "y": 0.004116519411278885,
      "z": 0.0042364147212208825,
      "w": 0.9998824156770184
    },
    "左ひざ": {
      "x": 0.000011000000085914508,
      "y": 0.0010999999940395355,
      "z": 0.024978000670671463,
      "w": 0.9996870160102844
    },
    "左足首": {
      "x": 0.02966799959540367,
      "y": -0.00020300000323913991,
      "z": -0.02538299933075905,
      "w": 0.9992370009422302
    },
    "右腕": {
      "x": -0.17265674471855164,
      "y": -0.16463685035705566,
      "z": -0.1824171245098114,
      "w": 0.9538366794586182
    },
    "右ひじ": {
      "x": -0.15032997727394104,
      "y": -0.1143682673573494,
      "z": 0.003461510641500354,
      "w": 0.9819918870925903
    },
    "右手首": {
      "x": -0.001653929939493537,
      "y": -0.1990600973367691,
      "z": -0.41484272480010986,
      "w": 0.8878481388092041
    },
    "右親指１": {
      "x": -0.02977115739316541,
      "y": -0.1363300766442267,
      "z": 0.21125967466284767,
      "w": 0.967417262326183
    },
    "右親指２": {
      "x": 0,
      "y": 0,
      "z": 0,
      "w": 1
    },
    "右人指１": {
      "x": 0.01564900445545137,
      "y": -0.08850602241893744,
      "z": -0.1734030422159909,
      "w": 0.9807402785133905
    },
    "右人指２": {
      "x": 0,
      "y": 0,
      "z": 0,
      "w": 1
    },
    "右人指３": {
      "x": 0,
      "y": 0,
      "z": 0,
      "w": 1
    },
    "右中指１": {
      "x": -0.008742001759856106,
      "y": 0.06436301590826506,
      "z": -0.13430602608372175,
      "w": 0.9888081779798044
    },
    "右中指２": {
      "x": 0,
      "y": 0,
      "z": 0,
      "w": 1
    },
    "右中指３": {
      "x": 0,
      "y": 0,
      "z": 0,
      "w": 1
    },
    "右薬指１": {
      "x": -0.034590012014700404,
      "y": 0.19563508269805174,
      "z": -0.17063706367129824,
      "w": 0.9650963760495146
    },
    "右薬指２": {
      "x": 0,
      "y": 0,
      "z": 0,
      "w": 1
    },
    "右薬指３": {
      "x": 0,
      "y": 0,
      "z": 0,
      "w": 1
    },
    "右小指１": {
      "x": -0.06133400946008258,
      "y": 0.34689307147035225,
      "z": -0.16294702676222295,
      "w": 0.9216021673325573
    },
    "右小指２": {
      "x": 0,
      "y": 0,
      "z": 0,
      "w": 1
    },
    "右小指３": {
      "x": 0,
      "y": 0,
      "z": 0,
      "w": 1
    },
    "右足": {
      "x": 0.0008273347670179033,
      "y": 0.035642444875055135,
      "z": 0.08070705637579516,
      "w": 0.9960999422563208
    },
    "右ひざ": {
      "x": -0.03346100077033043,
      "y": -0.0001539999939268455,
      "z": -0.03000199981033802,
      "w": 0.998989999294281
    }
  },
  "movableBones": {
    "センター": {
      "x": 0.2750008702278137,
      "y": 7.937500476837158,
      "z": 1.550002098083496
    },
    "左足ＩＫ": {
      "x": 0.09999501705169678,
      "y": 1.461722493171692,
      "z": 1.723321557044983
    },
    "右足ＩＫ": {
      "x": 0.43333882093429565,
      "y": 0.7950588464736938,
      "z": 1.0999996662139893
    },
    "左つま先ＩＫ": {
      "x": -0.16333508491516113,
      "y": -1.5903797149658203,
      "z": -1.8235098123550415
    },
    "右つま先ＩＫ": {
      "x": -0.34999996423721313,
      "y": -1.5903797149658203,
      "z": -1.8235098123550415
    }
  }
}