{
  "description": "Standing with feet apart, the model’s right arm is bent at the elbow and raised in front of the body, hand loosely clenched as if gently holding something, while the left arm extends downward and slightly outward with relaxed fingers. The head is tilted forward and slightly to the left, chin lowered, and the eyes are closed with a calm, serene expression. The overall posture and facial expression convey a sense of peaceful introspection, as if the model is quietly lost in thought.",
  "face": {
    "真面目": 0.9166666865348816,
    "あ": 0.07680000364780426,
    "い": 0.6000000238418579,
    "まばたき": 0.9166666865348816
  },
  "rotatableBones": {
    "上半身": [
      -0.07284931468046364,
      0.326471466963907,
      -0.011545000852199967,
      0.9423238945909687
    ],
    "首": [
      0.02914053658817913,
      -0.0011662438647898966,
      -0.04496879566927538,
      0.9985624318192365
    ],
    "頭": [
      0.11226075404766309,
      -0.316121797197079,
      -0.1600932453768931,
      0.9283493423369973
    ],
    "下半身": [
      -0.014000468243656977,
      0.0988885294480836,
      0.02443085416429034,
      0.994698364059348
    ],
    "左腕": [
      0.1204779467010683,
      0.11240600595141698,
      -0.10373649288370501,
      0.9808605272763627
    ],
    "左ひじ": [
      0.08124465871112939,
      0.13133184432361708,
      0.03264519698737555,
      0.9874641553573917
    ],
    "左手首": [
      -0.13095033953870572,
      0.05462055730981432,
      0.25215029883043377,
      0.9572298247109
    ],
    "左親指１": [
      -0.1650328636169434,
      -0.3350452184677124,
      -0.24655409157276154,
      0.8942703008651733
    ],
    "左親指２": [
      -0.04880699887871742,
      -0.11706800013780594,
      0.13370700180530548,
      0.9828709959983826
    ],
    "左人指１": [
      0,
      0,
      -0.24620699882507324,
      0.9692170023918152
    ],
    "左人指２": [
      0,
      0,
      -0.28048808501235484,
      0.959857229253688
    ],
    "左人指３": [
      0,
      0,
      -0.28730300068855286,
      0.9578400254249573
    ],
    "左中指１": [
      -1.3701441972792397e-9,
      7.594023402957261e-9,
      -0.54408230339998,
      0.8390314009609676
    ],
    "左中指２": [
      -1.6019342509283297e-8,
      -1.0424456018311096e-9,
      -0.4806974702881447,
      0.8768854790278494
    ],
    "左中指３": [
      0,
      0,
      -0.3512749969959259,
      0.9362729787826538
    ],
    "左薬指１": [
      1.6945074232666002e-9,
      6.022737419897339e-9,
      -0.5047525763511658,
      0.8632637858390808
    ],
    "左薬指２": [
      -1.8047497718498565e-8,
      -2.9747839747074067e-9,
      -0.4831235706806183,
      0.8755517601966858
    ],
    "左薬指３": [
      0,
      0,
      -0.30935001373291016,
      0.9509479999542236
    ],
    "左小指１": [
      2.594958924158596e-9,
      6.64097394628163e-10,
      -0.33399697896756897,
      0.9425738524687728
    ],
    "左小指２": [
      0,
      0,
      -0.2856009900569916,
      0.9583489894866943
    ],
    "左小指３": [
      0,
      0,
      -0.28730300068855286,
      0.9578400254249573
    ],
    "左足": [
      0.0460777009077048,
      -0.18808958392670908,
      -0.06275563214115076,
      0.9790611965449739
    ],
    "左ひざ": [
      0.000011000000085914508,
      0.0010999999940395355,
      0.024978000670671463,
      0.9996870160102844
    ],
    "左足首": [
      0.02966799959540367,
      -0.00020300000323913991,
      -0.02538299933075905,
      0.9992370009422301
    ],
    "右腕": [
      0.18358404267400683,
      -0.15272741700057646,
      0.42497635464474853,
      0.8731342692143562
    ],
    "右ひじ": [
      0.2458100980136563,
      -0.767004260605842,
      -0.2855442659685585,
      0.5193696232504647
    ],
    "右手首": [
      0.06506863121527033,
      -0.031302430128908335,
      -0.16074940420403075,
      0.9843503977595535
    ],
    "右親指１": [
      -0.12902117094156745,
      0.30373041119445443,
      0.22078611071658277,
      0.9177985285922879
    ],
    "右親指２": [
      -0.1568890064954758,
      0.22826072573661804,
      -0.09262577444314957,
      0.9564010500907898
    ],
    "右人指１": [
      0,
      0,
      0.24620699882507324,
      0.9692170023918152
    ],
    "右人指２": [
      0,
      0,
      0.28048808501235484,
      0.959857229253688
    ],
    "右人指３": [
      0,
      0,
      0.28730300068855286,
      0.9578400254249573
    ],
    "右中指１": [
      7.091618847709924e-9,
      1.0877138301168543e-8,
      0.484065443277359,
      0.8750312328338623
    ],
    "右中指２": [
      0,
      0,
      0.20987799763679504,
      0.977728009223938
    ],
    "右中指３": [
      1.6104911182424075e-8,
      1.543006694637583e-11,
      0.5801663398742676,
      0.8144987225532532
    ],
    "右薬指１": [
      8.875187435502303e-9,
      1.3106432381464475e-8,
      0.4654078552210956,
      0.8850960148870709
    ],
    "右薬指２": [
      0,
      0,
      0.22721700370311737,
      0.9738439917564392
    ],
    "右薬指３": [
      1.5078989434591703e-8,
      -1.019188577454236e-8,
      0.49210764969039783,
      0.8705340104708865
    ],
    "右小指１": [
      0,
      0,
      0.24792799353599548,
      0.9687780141830444
    ],
    "右小指２": [
      0,
      0,
      0.2856009900569916,
      0.9583489894866943
    ],
    "右小指３": [
      0,
      0,
      0.28730300068855286,
      0.9578400254249573
    ],
    "右足": [
      0.01568111795539906,
      0.044811777875866814,
      -0.14434470115036682,
      0.9883876749925278
    ],
    "右ひざ": [
      -0.03346100077033043,
      -0.00015399999392684546,
      -0.03000199981033802,
      0.998989999294281
    ]
  },
  "movableBones": {
    "センター": [
      -0.6416663527488708,
      7.408327579498291,
      3.699997663497925
    ],
    "左足ＩＫ": [
      2.166646718978882,
      0.7950596809387207,
      3.65000057220459
    ],
    "右足ＩＫ": [
      -2.750006675720215,
      0.795059323310852,
      3.8499984741210938
    ],
    "左つま先ＩＫ": [
      -0.06667065620422363,
      -1.5903797149658203,
      -1.873504400253296
    ],
    "右つま先ＩＫ": [
      -0.20000052452087402,
      -1.5903797149658203,
      -1.8735072612762451
    ]
  }
}