{
  "description": "Standing upright with feet together, the model raises her right arm high and diagonally upward, with the right index finger extended and the other right fingers curled in, as if pointing dramatically toward the sky. Her left arm is lowered and extended outward to the side, with the left hand relaxed and all left fingers naturally extended and slightly apart. The head is tilted upward, and the eyes are open, gazing in the direction of the raised right hand. Her lips are gently parted, giving an expression of wonder or inspiration. The overall posture and facial expression convey a sense of excitement or discovery, with the finger-pointing gesture emphasizing a moment of realization or direction.\n",
  "face": {
    "お": 0.6000000238418579
  },
  "rotatableBones": {
    "上半身": [
      -0.05567895006646378,
      0.09757836387207,
      -0.09074799331686376,
      0.9895159847449639
    ],
    "首": [
      0,
      -1.1175451536393766e-10,
      -0.01499943807721138,
      0.9998874664306641
    ],
    "頭": [
      0.28980076617270684,
      0.2849682601662376,
      -0.052714820619974,
      0.9121564220947613
    ],
    "下半身": [
      0,
      -0.11474663019180298,
      0,
      0.9933943748474121
    ],
    "左腕": [
      0.1663385055409018,
      -0.37174599287100296,
      -0.09538708247966844,
      0.9083155415183972
    ],
    "左ひじ": [
      0.41051117480479193,
      -0.12164258109232223,
      -0.1687762637168144,
      0.8878046095206259
    ],
    "左手首": [
      0.19846545721345002,
      -0.3379551703363456,
      0.3963802058904764,
      0.8302284707368015
    ],
    "左親指１": [
      0.08776713276790206,
      0.003364884819285298,
      -0.13735535667309826,
      0.9866197740686682
    ],
    "左親指２": [
      -0.012267507160405516,
      -0.029424725202088223,
      0.033606893267887024,
      0.9989265590342672
    ],
    "左人指１": [
      7.767477941198843e-9,
      -4.145636717793914e-9,
      -0.10201340759195719,
      0.9947829878628763
    ],
    "左人指２": [
      0,
      0,
      -0.07101580847223547,
      0.9974751567747798
    ],
    "左人指３": [
      0,
      0,
      -0.07278805019820997,
      0.9973474488217717
    ],
    "左中指１": [
      4.290267295064458e-9,
      -2.261461862002193e-9,
      -0.09741897446938062,
      0.9952434391281637
    ],
    "左中指２": [
      0,
      0,
      -0.05283793709029104,
      0.9986030641220844
    ],
    "左中指３": [
      0,
      0,
      -0.08961274145833134,
      0.9959767244245021
    ],
    "左薬指１": [
      0,
      0,
      -0.06348115194540492,
      0.9979830321200657
    ],
    "左薬指２": [
      0,
      0,
      -0.0572733905051229,
      0.9983585222035143
    ],
    "左薬指３": [
      0,
      0,
      -0.07854637607376957,
      0.9969104455668292
    ],
    "左小指１": [
      0,
      0,
      -0.06259428348837036,
      0.9980390274269667
    ],
    "左小指２": [
      0,
      0,
      -0.07234510543798696,
      0.9973796826442635
    ],
    "左小指３": [
      0,
      0,
      -0.07278805019820997,
      0.9973474488217717
    ],
    "左ひざ": [
      0.000011000000085914508,
      0.0010999999940395355,
      0.024978000670671463,
      0.9996870160102844
    ],
    "左足首": [
      0.02966799959540367,
      -0.00020300000323913991,
      -0.02538299933075905,
      0.9992370009422302
    ],
    "右腕": [
      0.20593164165598943,
      -0.03229733492061135,
      -0.34789330694646614,
      0.9140670771462015
    ],
    "右ひじ": [
      -0.08270831980648714,
      -0.17882580324545355,
      -0.19102451800385162,
      0.961607841179208
    ],
    "右手首": [
      -0.07462726882715225,
      -0.05484464479302706,
      0.40698021477942914,
      0.9087294235958712
    ],
    "右親指１": [
      0.1801125705242157,
      -0.07144900411367416,
      0.35476210713386536,
      0.9146580696105956
    ],
    "右人指１": [
      2.8245157324136017e-8,
      2.4673429521726572e-8,
      -0.10977844148874283,
      0.9939556121826171
    ],
    "右中指１": [
      0,
      0,
      0.7479709982872009,
      0.6637309789657593
    ],
    "右中指２": [
      0,
      0,
      0.560508210921931,
      0.8281483001590753
    ],
    "右中指３": [
      0,
      0,
      0.8468319773674011,
      0.5318610072135925
    ],
    "右薬指１": [
      0,
      0,
      0.6556169986724854,
      0.755092978477478
    ],
    "右薬指２": [
      0,
      0,
      0.6011980175971985,
      0.7990999817848206
    ],
    "右薬指３": [
      0,
      0,
      0.7739149928092957,
      0.6332889795303345
    ],
    "右小指１": [
      0,
      0,
      0.6480332886746916,
      0.7616112971809792
    ],
    "右小指２": [
      0,
      0,
      0.727725194240417,
      0.6858681805700564
    ],
    "右小指３": [
      0,
      0,
      0.7311452067622055,
      0.682221165679413
    ],
    "右足": [
      -0.0029389682871507447,
      0.12045326194345855,
      -0.10018624206472176,
      0.9876457573048835
    ],
    "右ひざ": [
      -0.03346100077033043,
      -0.0001539999939268455,
      -0.03000199981033802,
      0.998989999294281
    ]
  },
  "movableBones": {
    "センター": [
      -0.9499999284744263,
      7.850002765655518,
      -0.10000009834766388
    ],
    "左足ＩＫ": [
      -0.05000150203704834,
      0.795059323310852,
      0.39999377727508545
    ],
    "右足ＩＫ": [
      -1.3500062227249146,
      0.795059323310852,
      0.10000038146972656
    ],
    "左つま先ＩＫ": [
      -0.09999972581863403,
      -1.5903797149658203,
      -1.8735084533691406
    ],
    "右つま先ＩＫ": [
      0.4500002861022949,
      -1.5903797149658203,
      -1.8735098838806152
    ]
  }
}