{
  "description": "Standing upright with feet together, the model places her right hand on her hip while her left arm hangs relaxed at her side. The head is held straight, facing forward. Her eyes are open and focused ahead, and her lips are slightly parted, giving an assertive and slightly stern expression. The overall posture and facial expression convey a sense of confidence and determination, as if the model is ready to address something important.",
  "face": {
    "あ": 0.41499999165534973,
    "まばたき": 0.0560000017285347
  },
  "rotatableBones": {
    "右腕": [
      -0.3150178790092468,
      -0.23119324445724487,
      0.04427371919155121,
      0.9194305539131165
    ],
    "下半身": [
      0,
      0,
      -0.004749980176613781,
      0.9999886495628121
    ],
    "上半身": [
      0.028495881060308814,
      -0.00014248021689243777,
      0.0023718250939280027,
      0.9995909146346513
    ],
    "首": [
      -0.02058034483850711,
      0.0008236056062636779,
      0.024992089920327247,
      0.9994753202385442
    ],
    "頭": [
      -0.04145719240208495,
      -0.00014106165385269722,
      0.0029858603448612176,
      0.9991357553050069
    ],
    "左手首": [
      0.0023019085256723755,
      -0.012453974087110305,
      -0.07974884072493588,
      0.9967345139402128
    ],
    "右ひじ": [
      0.49263980984687805,
      -0.6063212156295776,
      1.6507692635059357e-7,
      0.6242440938949585
    ],
    "右手首": [
      -0.280591241423817,
      -0.16957119307720298,
      0.07485334710487468,
      0.9417580541562415
    ],
    "右中指１": [
      -4.254809621135059e-8,
      0.0000011119644324752918,
      0.44394712032767414,
      0.8960518545389671
    ],
    "右中指２": [
      0.05445901007782278,
      0.007497001685242375,
      0.8661111703103511,
      0.49681811491140904
    ],
    "右中指３": [
      2.7394190738050384e-7,
      2.8968841547794e-7,
      0.3050585687160492,
      0.9523335695266724
    ],
    "右薬指１": [
      0.047100011759014265,
      -0.016491003697167893,
      0.5803551324385482,
      0.8128321993634382
    ],
    "右薬指２": [
      0.09172400087118149,
      -0.024181000888347626,
      0.8482660055160522,
      0.5210059881210327
    ],
    "右薬指３": [
      0,
      0,
      0.10977800190448761,
      0.9939560294151306
    ],
    "右小指１": [
      0.0889990419661719,
      0.04073101939978059,
      0.6238452531246652,
      0.7753933471759935
    ],
    "右小指２": [
      0.1043429970741272,
      -0.0006779999821446836,
      0.7824469804763794,
      0.6139129996299744
    ],
    "右小指３": [
      0,
      0,
      0.13954303391017994,
      0.9902152662372818
    ],
    "右人指１": [
      -0.07962217181921005,
      -0.003581079887226224,
      0.2516607642173767,
      0.96452796459198
    ],
    "右人指２": [
      0,
      -9.999999974752427e-7,
      0.9065340161323547,
      0.4221329987049103
    ],
    "右人指３": [
      1.2073138044854659e-8,
      1.817727053321505e-7,
      0.18394654989242554,
      0.9829363822937012
    ],
    "右親指１": [
      -0.1328909993171692,
      0.027840999886393547,
      0.02726699970662594,
      0.9903640151023865
    ],
    "右親指２": [
      -0.09244601221058807,
      0.11124401592931957,
      -0.0009270001441274222,
      0.9894831361363648
    ],
    "左腕": [
      -0.07861932664128951,
      -0.045539259338677515,
      -0.380365185087741,
      0.9203625180517988
    ],
    "左ひじ": [
      0.056676723062992096,
      0.06975574791431427,
      1.05355866253376e-8,
      0.9959526658058167
    ],
    "左中指１": [
      0.0077377314125361045,
      -0.0249528320293755,
      -0.07795449894106504,
      0.9966142535173985
    ],
    "左中指２": [
      -5.785843212424883e-7,
      5.785843212424883e-7,
      -0.2593155032377215,
      0.9657925978964212
    ],
    "左中指３": [
      0,
      0,
      -0.09374482694099505,
      0.9955962429171508
    ],
    "左薬指１": [
      0.012557175618965119,
      -0.03094035953686874,
      -0.07440085396758968,
      0.9966689564983429
    ],
    "左薬指２": [
      -5.81024761644329e-7,
      5.81024761644329e-7,
      -0.2423152474791222,
      0.9701975512819772
    ],
    "左薬指３": [
      0.04219995463801014,
      -0.004847967726116132,
      -0.0903222295170363,
      0.9950061849697331
    ],
    "左小指１": [
      0.027686287379280264,
      -0.06847408888501008,
      -0.08941241166508546,
      0.9932521187838323
    ],
    "左小指２": [
      -0.01895260989048406,
      0.0026403062961660997,
      -0.1557702685641698,
      0.9876079245798146
    ],
    "左小指３": [
      0.04756148005167639,
      -0.046382574574204034,
      -0.13046006339660518,
      0.989225319278178
    ],
    "左人指１": [
      -0.02375829167350374,
      0.01291248221088745,
      -0.07537521406960859,
      0.9967882102627235
    ],
    "左人指２": [
      -0.000001155812398691762,
      1.5556821478578462e-7,
      -0.246314403506464,
      0.969189638894637
    ],
    "左人指３": [
      0,
      0,
      -0.09448624132450947,
      0.9955260592438453
    ],
    "左親指１": [
      -0.08384715061219468,
      -0.05304391669170745,
      0.020397898245110426,
      0.9948559252571934
    ],
    "左親指２": [
      -0.08877886165026042,
      -0.08866493407943153,
      0,
      0.992096864351889
    ]
  },
  "movableBones": {
    "センター": [
      -0.009037874639034271,
      7.999999523162842,
      -0.0011340081691741943
    ],
    "左足ＩＫ": [
      0.2999999523162842,
      0.7950592041015625,
      0
    ],
    "右足ＩＫ": [
      -0.30000007152557373,
      0.7950592041015625,
      0
    ]
  }
}