{
  "description": "This is an unlabeled pose sample. It is provided solely to help the model learn the natural constraints and patterns of MMD bone rotations, positions, and facial morphs. No semantic description is associated with this pose.",
  "face": {
    "真面目": 0,
    "困る": 0,
    "にこり": 0,
    "怒り": 0,
    "あ": 0,
    "い": 0.20000000298023224,
    "う": 0,
    "え": 0,
    "お": 0,
    "お1": 0,
    "にやり２": 0,
    "にやり２1": 0,
    "口横広げ": 0,
    "口横缩げ": 0,
    "口角上げ": 0,
    "口角下げ1": 0,
    "口角下げ": 0,
    "まばたき": 0,
    "笑い": 0,
    "ウィンク": 0,
    "ウィンク右": 0,
    "ウィンク２": 0,
    "ｳｨﾝｸ２右": 0,
    "びっくり": 0,
    "恐ろしい子！": 0,
    "なごみ": 0,
    "はちゅ目": 0,
    "はぅ": 0,
    "ｷﾘｯ": 0,
    "眼角下": 0,
    "眼睑上": 0,
    "じと目": 0,
    "じと目1": 0,
    "照れ": 0
  },
  "rotatableBones": {
    "上半身": {
      "x": -0.08233280870842265,
      "y": 0.3687168418983584,
      "z": 0.01792326200679564,
      "w": 0.925713583456772
    },
    "首": {
      "x": 0,
      "y": 0,
      "z": 0,
      "w": 1
    },
    "頭": {
      "x": 0.16417721259279885,
      "y": 0.1631911239798351,
      "z": 0.060734404184550214,
      "w": 0.9709402213006285
    },
    "下半身": {
      "x": -0.061754640403761774,
      "y": 0.3120912204363666,
      "z": -0.007946529037478771,
      "w": 0.9480094993136896
    },
    "左腕": {
      "x": -0.11153865819156249,
      "y": 0.0497515761819471,
      "z": -0.3846557272312918,
      "w": 0.9149445642554116
    },
    "左ひじ": {
      "x": -0.16249740541913402,
      "y": 0.06682812124759978,
      "z": -0.18585868351652438,
      "w": 0.9667393509941387
    },
    "左手首": {
      "x": -0.08170393295357936,
      "y": 0.06954324462187225,
      "z": 1.6962600563353854e-10,
      "w": 0.9942273774732671
    },
    "左親指１": {
      "x": -0.020385571267690094,
      "y": -0.018465246311126296,
      "z": 0.024969234683746722,
      "w": 0.9993097635177179
    },
    "左親指２": {
      "x": 0,
      "y": 0,
      "z": 0,
      "w": 1
    },
    "左人指１": {
      "x": 0,
      "y": 0,
      "z": -0.052475794190966235,
      "w": 0.9986223028903151
    },
    "左人指２": {
      "x": 0,
      "y": 0,
      "z": -0.02999549400322028,
      "w": 0.9995501519712229
    },
    "左人指３": {
      "x": 0,
      "y": 0,
      "z": -0.05497212627919512,
      "w": 0.9984878640762567
    },
    "左中指１": {
      "x": 0,
      "y": 0,
      "z": -0.06744860368482407,
      "w": 0.9977226551870935
    },
    "左中指２": {
      "x": 0,
      "y": 0,
      "z": -0.03499293245395621,
      "w": 0.9993875684538289
    },
    "左中指３": {
      "x": 0,
      "y": 0,
      "z": -0.047482053923387495,
      "w": 0.9988721209023783
    },
    "左薬指１": {
      "x": 0,
      "y": 0,
      "z": -0.02749639575105594,
      "w": 0.9996219307758267
    },
    "左薬指２": {
      "x": 0,
      "y": 0,
      "z": -0.03749135511391407,
      "w": 0.9992969992318969
    },
    "左薬指３": {
      "x": 0,
      "y": 0,
      "z": -0.05497212627919512,
      "w": 0.9984878640762567
    },
    "左小指１": {
      "x": 0,
      "y": 0,
      "z": -0.02249819293847728,
      "w": 0.999746961169765
    },
    "左小指２": {
      "x": 0,
      "y": 0,
      "z": -0.007499710167239489,
      "w": 0.999972000326126
    },
    "左小指３": {
      "x": 0,
      "y": 0,
      "z": -0.03249416008131423,
      "w": 0.9994718676935515
    },
    "左足": {
      "x": -0.006030345509450256,
      "y": -0.21245895654192787,
      "z": 0.007661063806304883,
      "w": 0.9771212255799583
    },
    "左ひざ": {
      "x": 0.000011000000085914508,
      "y": 0.0010999999940395355,
      "z": 0.024978000670671463,
      "w": 0.9996870160102844
    },
    "左足首": {
      "x": 0.029667999595403668,
      "y": -0.00020300000323913991,
      "z": -0.02538299933075905,
      "w": 0.9992370009422302
    },
    "右腕": {
      "x": 0.3118555214980187,
      "y": -0.2389836181077292,
      "z": 0.027974761142755253,
      "w": 0.9191564678415566
    },
    "右ひじ": {
      "x": 0.2013320561738711,
      "y": -0.5180576080086196,
      "z": -0.22601868796093844,
      "w": 0.7999976349055793
    },
    "右手首": {
      "x": 0.04971739594924253,
      "y": -0.10722503072927245,
      "z": -0.13925279072623237,
      "w": 0.9831780096008815
    },
    "右親指１": {
      "x": -0.11689656943826077,
      "y": 0.05117563701317946,
      "z": 0.40569466572964497,
      "w": 0.9050569976251606
    },
    "右親指２": {
      "x": -0.22303610848536562,
      "y": 0.17895129921209157,
      "z": 0,
      "w": 0.9582439602075089
    },
    "右人指１": {
      "x": -0.029643037031950627,
      "y": 0.0035306747639676705,
      "z": 0.35186109066521154,
      "w": 0.9355759706125266
    },
    "右人指２": {
      "x": 0,
      "y": 0,
      "z": 0.7173561721732564,
      "w": 0.696706138788004
    },
    "右人指３": {
      "x": 0,
      "y": 0,
      "z": 0.7311452253885952,
      "w": 0.6822211830594314
    },
    "右中指１": {
      "x": 0,
      "y": 0,
      "z": 0.41004187375063156,
      "w": 0.9120666036440976
    },
    "右中指２": {
      "x": 0,
      "y": 0,
      "z": 0.708590984875698,
      "w": 0.7056188975449581
    },
    "右中指３": {
      "x": 0,
      "y": 0,
      "z": 0.8468319773674011,
      "w": 0.5318610072135925
    },
    "右薬指１": {
      "x": 0.021800411379381907,
      "y": 0.003518067479341377,
      "z": 0.425654664439082,
      "w": 0.9046159350299583
    },
    "右薬指２": {
      "x": 0,
      "y": 0,
      "z": 0.6537271934747413,
      "w": 0.7567301097091257
    },
    "右薬指３": {
      "x": 0,
      "y": 0,
      "z": 0.8031123626369168,
      "w": 0.5958275453462869
    },
    "右小指１": {
      "x": 0.044487272952170774,
      "y": 0.006849315275873744,
      "z": 0.4605098452811207,
      "w": 0.886511992830074
    },
    "右小指２": {
      "x": 0,
      "y": 0,
      "z": 0.6834653509866151,
      "w": 0.7299821984778248
    },
    "右小指３": {
      "x": 0,
      "y": 0,
      "z": 0.7895031873910949,
      "w": 0.6137457469307482
    },
    "右足": {
      "x": 0.008500945819592818,
      "y": -0.04085375524235164,
      "z": -0.11752079013792033,
      "w": 0.9921928680394498
    },
    "右ひざ": {
      "x": -0.03346100077033043,
      "y": -0.0001539999939268455,
      "z": -0.03000199981033802,
      "w": 0.998989999294281
    }
  },
  "movableBones": {
    "センター": {
      "x": -0.2500000298023224,
      "y": 7.274999618530273,
      "z": -0.45000001788139343
    },
    "左足ＩＫ": {
      "x": 5.960464477539063e-8,
      "y": 0.7950592041015625,
      "z": -1.000000238418579
    },
    "右足ＩＫ": {
      "x": -1.7499996423721313,
      "y": 0.7950592041015625,
      "z": 0
    },
    "左つま先ＩＫ": {
      "x": -0.8500000834465027,
      "y": -1.5903797149658203,
      "z": -1.8235098123550415
    },
    "右つま先ＩＫ": {
      "x": -0.6500000953674316,
      "y": -1.5903797149658203,
      "z": -1.8235098123550415
    }
  }
}