{
  "description": "This is an unlabeled pose sample. It is provided solely to help the model learn the natural constraints and patterns of MMD bone rotations, positions, and facial morphs. No semantic description is associated with this pose.",
  "face": {
    "真面目": 0,
    "困る": 0,
    "にこり": 0,
    "怒り": 0,
    "あ": 0,
    "い": 0,
    "う": 0,
    "え": 0,
    "お": 0.6000000238418579,
    "お1": 0,
    "にやり２": 0,
    "にやり２1": 0,
    "口横広げ": 0,
    "口横缩げ": 0,
    "口角上げ": 0,
    "口角下げ1": 0,
    "口角下げ": 0,
    "まばたき": 0.014464286155998707,
    "笑い": 0,
    "ウィンク": 0,
    "ウィンク右": 0,
    "ウィンク２": 0,
    "ｳｨﾝｸ２右": 0,
    "びっくり": 0,
    "恐ろしい子！": 0,
    "なごみ": 0,
    "はちゅ目": 0,
    "はぅ": 0,
    "ｷﾘｯ": 0,
    "眼角下": 0,
    "眼睑上": 0,
    "じと目": 0,
    "じと目1": 0,
    "照れ": 0
  },
  "rotatableBones": {
    "上半身": {
      "x": 0.01296921086609229,
      "y": -0.02533658557258446,
      "z": 0.069268378871064,
      "w": 0.9971902356803038
    },
    "首": {
      "x": 0,
      "y": 0,
      "z": 0,
      "w": 1
    },
    "頭": {
      "x": -0.059678962036224,
      "y": -0.06355348179027076,
      "z": 0.07399388393316957,
      "w": 0.9934402931090462
    },
    "下半身": {
      "x": 0.03277919332996934,
      "y": -0.07815377555714505,
      "z": -0.0019223846573254424,
      "w": 0.9963989642560309
    },
    "左腕": {
      "x": 0.20965638876069648,
      "y": 0.3732584449920594,
      "z": 0.2092362774847783,
      "w": 0.8791675453880969
    },
    "左ひじ": {
      "x": -0.14580511466254736,
      "y": -0.11048678281333299,
      "z": 0.4036977933340258,
      "w": 0.8964137940332374
    },
    "左手首": {
      "x": 0.22130189549093726,
      "y": -0.010659313898154214,
      "z": 0.19219218531407636,
      "w": 0.9560194131770463
    },
    "左親指１": {
      "x": -0.05870716387304545,
      "y": -0.011321373544143878,
      "z": -0.33638547911177485,
      "w": 0.9398244461559027
    },
    "左親指２": {
      "x": 0,
      "y": 0,
      "z": 0,
      "w": 1
    },
    "左人指１": {
      "x": -4.016982084970188e-9,
      "y": 0.06758107845960457,
      "z": -0.04098128339934686,
      "w": 0.9968707972236941
    },
    "左人指２": {
      "x": 5.270697146672428e-10,
      "y": 1.696311711617152e-9,
      "z": -0.10090358576198136,
      "w": 0.994896169912981
    },
    "左人指３": {
      "x": -7.088544994225352e-10,
      "y": 1.8293010427605939e-9,
      "z": -0.10515770085344892,
      "w": 0.9944555709014833
    },
    "左中指１": {
      "x": 0.0019523097600636712,
      "y": -0.04877180048222693,
      "z": -0.07747299161796149,
      "w": 0.9957977081135001
    },
    "左中指２": {
      "x": 2.551308068085925e-10,
      "y": 1.3786134796931504e-9,
      "z": -0.08152198173730808,
      "w": 0.99667150857775
    },
    "左中指３": {
      "x": -7.734149531078006e-10,
      "y": 8.044873238100813e-10,
      "z": -0.11572324585236107,
      "w": 0.9932815284720506
    },
    "左薬指１": {
      "x": 0.025878198373008945,
      "y": -0.12874363245853648,
      "z": -0.06498199270658378,
      "w": 0.9892068244377179
    },
    "左薬指２": {
      "x": -5.690281624104216e-9,
      "y": 1.8652125926775383e-9,
      "z": -0.03854517568252825,
      "w": 0.9992567991697494
    },
    "左薬指３": {
      "x": 0,
      "y": 0,
      "z": -0.07854637607376957,
      "w": 0.9969104455668292
    },
    "左小指１": {
      "x": 0.0354543035280398,
      "y": -0.170822746836686,
      "z": -0.024685695645841565,
      "w": 0.984353450360335
    },
    "左小指２": {
      "x": -6.755480223537669e-9,
      "y": 2.527144675534028e-9,
      "z": -0.017407477005679933,
      "w": 0.9998484983986131
    },
    "左小指３": {
      "x": 0,
      "y": 0,
      "z": -0.07278805019820997,
      "w": 0.9973474488217717
    },
    "左足": {
      "x": -0.0011420596327522145,
      "y": 0.07871352573828015,
      "z": 0.0007954320614154357,
      "w": 0.9968956071147034
    },
    "左ひざ": {
      "x": 0.000011000000085914508,
      "y": 0.0010999999940395355,
      "z": 0.024978000670671463,
      "w": 0.9996870160102844
    },
    "左足首": {
      "x": 0.02966799959540367,
      "y": -0.00020300000323913991,
      "z": -0.02538299933075905,
      "w": 0.9992370009422302
    },
    "右腕": {
      "x": 0.42598589387353103,
      "y": -0.48042298488848545,
      "z": -0.019463647134158133,
      "w": 0.7663838758992075
    },
    "右ひじ": {
      "x": -0.00249486846706165,
      "y": -0.024870157591329184,
      "z": -0.15709688786724962,
      "w": 0.9872666424849004
    },
    "右手首": {
      "x": 0.1554656864740753,
      "y": 0.23241916381048,
      "z": -0.3723580439888349,
      "w": 0.884961029876085
    },
    "右親指１": {
      "x": -0.031667139669287435,
      "y": 0.0077365027774804595,
      "z": 0.4290150744433019,
      "w": 0.9027089189790172
    },
    "右親指２": {
      "x": 0,
      "y": 0,
      "z": 0,
      "w": 1
    },
    "右人指１": {
      "x": 0,
      "y": -0.06775456852298047,
      "z": 0.06222860328018279,
      "w": 0.9957584883415722
    },
    "右人指２": {
      "x": 1.3405869680366967e-9,
      "y": -2.1542504952760925e-9,
      "z": 0.13441748216812713,
      "w": 0.9909247393537828
    },
    "右人指３": {
      "x": -2.0885029707389785e-9,
      "y": -2.0314670671709896e-9,
      "z": 0.14112974367711997,
      "w": 0.9899911165513906
    },
    "右中指１": {
      "x": 0.0019587790301636063,
      "y": 0.04893328609224382,
      "z": 0.10487460276875146,
      "w": 0.9932777422036428
    },
    "右中指２": {
      "x": -1.4150548423432226e-9,
      "y": -3.7115236277633622e-9,
      "z": 0.13990213021200512,
      "w": 0.9901653705852028
    },
    "右中指３": {
      "x": -2.5500697487364154e-9,
      "y": -1.4795001805909263e-9,
      "z": 0.13927885870726722,
      "w": 0.9902532395704607
    },
    "右薬指１": {
      "x": 0.01993129613513982,
      "y": 0.1309472276783668,
      "z": 0.06998955989543607,
      "w": 0.9887135276659358
    },
    "右薬指２": {
      "x": -4.093270986113654e-10,
      "y": -4.036690456015832e-9,
      "z": 0.14182487714756808,
      "w": 0.9898917310114795
    },
    "右薬指３": {
      "x": -2.7190848626674914e-9,
      "y": -1.556674769034211e-9,
      "z": 0.14560785668799012,
      "w": 0.9893423632767109
    },
    "右小指１": {
      "x": 0.025908160911801127,
      "y": 0.17421386534254088,
      "z": 0.014608773948490049,
      "w": 0.9842577986284593
    },
    "右小指２": {
      "x": -5.601299591227533e-10,
      "y": -1.8059821004744496e-9,
      "z": 0.12706394518576652,
      "w": 0.991894534797961
    },
    "右小指３": {
      "x": -2.8433163400996826e-9,
      "y": -1.886468057405253e-9,
      "z": 0.16089999767356308,
      "w": 0.9869707235882271
    },
    "右足": {
      "x": -0.00384163623675704,
      "y": 0.08075591176748276,
      "z": 0.028844771906733513,
      "w": 0.9963088035583496
    },
    "右ひざ": {
      "x": -0.03346100077033043,
      "y": -0.0001539999939268455,
      "z": -0.03000199981033802,
      "w": 0.998989999294281
    }
  },
  "movableBones": {
    "センター": {
      "x": 0.550001323223114,
      "y": 7.900000095367432,
      "z": 1.150002121925354
    },
    "左足ＩＫ": {
      "x": -0.05000537633895874,
      "y": 0.7950588464736938,
      "z": 1.7499908208847046
    },
    "右足ＩＫ": {
      "x": 0.43333882093429565,
      "y": 0.7950588464736938,
      "z": 1.8499990701675415
    },
    "左つま先ＩＫ": {
      "x": -0.2500000596046448,
      "y": -1.5903797149658203,
      "z": -1.8235098123550415
    },
    "右つま先ＩＫ": {
      "x": 0,
      "y": -1.5903797149658203,
      "z": -1.8235098123550415
    }
  }
}