{
  "description": "This is an unlabeled pose sample. It is provided solely to help the model learn the natural constraints and patterns of MMD bone rotations, positions, and facial morphs. No semantic description is associated with this pose.",
  "face": {
    "真面目": 0,
    "困る": 0,
    "にこり": 0,
    "怒り": 0,
    "あ": 0.4000000059604645,
    "い": 0,
    "う": 0,
    "え": 0,
    "お": 0,
    "お1": 0,
    "にやり２": 0,
    "にやり２1": 0,
    "口横広げ": 0,
    "口横缩げ": 0,
    "口角上げ": 0,
    "口角下げ1": 0,
    "口角下げ": 0,
    "まばたき": 0,
    "笑い": 0,
    "ウィンク": 0,
    "ウィンク右": 0,
    "ウィンク２": 0,
    "ｳｨﾝｸ２右": 0,
    "びっくり": 0,
    "恐ろしい子！": 0,
    "なごみ": 0,
    "はちゅ目": 0,
    "はぅ": 0,
    "ｷﾘｯ": 0,
    "眼角下": 0,
    "眼睑上": 0,
    "じと目": 0,
    "じと目1": 0,
    "照れ": 0
  },
  "rotatableBones": {
    "上半身": {
      "x": -0.10732221034799751,
      "y": -0.14016315961108403,
      "z": -0.05088411734678959,
      "w": 0.9829782766894081
    },
    "首": {
      "x": -0.00016153708251411512,
      "y": -0.004613460876304705,
      "z": -0.005382952941954761,
      "w": 0.9999748530733601
    },
    "頭": {
      "x": 0.06867455333248204,
      "y": -0.05913800091897933,
      "z": 0.06272741947692176,
      "w": 0.9939069842009494
    },
    "下半身": {
      "x": -0.05598703074065342,
      "y": -0.18735268018479478,
      "z": -0.03865615403219095,
      "w": 0.9799334992754972
    },
    "左腕": {
      "x": -0.10078642050840675,
      "y": 0.09148921942406195,
      "z": -0.4434506455675755,
      "w": 0.8859021303063673
    },
    "左ひじ": {
      "x": 0.09642314128770575,
      "y": 0.1411367405687395,
      "z": 0.20462702610663194,
      "w": 0.9637999920177378
    },
    "左手首": {
      "x": 0.02794075147105086,
      "y": -0.02646314442517947,
      "z": 0.10892440298567992,
      "w": 0.9933047424725874
    },
    "左親指１": {
      "x": -0.03666955878571569,
      "y": 0.07430066577350751,
      "z": -0.0006168666962351858,
      "w": 0.996561235518197
    },
    "左親指２": {
      "x": 0,
      "y": 0,
      "z": 0,
      "w": 1
    },
    "左人指１": {
      "x": 0,
      "y": 0,
      "z": 0,
      "w": 1
    },
    "左人指２": {
      "x": 0,
      "y": 0,
      "z": 0,
      "w": 1
    },
    "左人指３": {
      "x": 0,
      "y": 0,
      "z": 0,
      "w": 1
    },
    "左中指１": {
      "x": 0,
      "y": 0,
      "z": 0,
      "w": 1
    },
    "左中指２": {
      "x": 0,
      "y": 0,
      "z": 0,
      "w": 1
    },
    "左中指３": {
      "x": 0,
      "y": 0,
      "z": 0,
      "w": 1
    },
    "左薬指１": {
      "x": 0,
      "y": 0,
      "z": 0,
      "w": 1
    },
    "左薬指２": {
      "x": 0,
      "y": 0,
      "z": 0,
      "w": 1
    },
    "左薬指３": {
      "x": 0,
      "y": 0,
      "z": 0,
      "w": 1
    },
    "左小指１": {
      "x": 0,
      "y": 0,
      "z": 0,
      "w": 1
    },
    "左小指２": {
      "x": 0,
      "y": 0,
      "z": 0,
      "w": 1
    },
    "左小指３": {
      "x": 0,
      "y": 0,
      "z": 0,
      "w": 1
    },
    "左足": {
      "x": 0.005465496336791846,
      "y": -0.012803912762508083,
      "z": 0.008708125954345055,
      "w": 0.9998651544277959
    },
    "左ひざ": {
      "x": 0.000011000000085914508,
      "y": 0.0010999999940395355,
      "z": 0.024978000670671463,
      "w": 0.9996870160102844
    },
    "左足首": {
      "x": 0.02966799959540367,
      "y": -0.00020300000323913991,
      "z": -0.02538299933075905,
      "w": 0.9992370009422301
    },
    "右腕": {
      "x": 0.1067400723695755,
      "y": -0.3588728606700897,
      "z": -0.07897132635116577,
      "w": 0.9238935708999634
    },
    "右ひじ": {
      "x": -0.048174288123846054,
      "y": -0.23643141984939575,
      "z": -0.13768042623996735,
      "w": 0.9606368541717529
    },
    "右手首": {
      "x": -0.13076446950435636,
      "y": 0.06148969009518623,
      "z": -0.1328701078891754,
      "w": 0.9805432558059691
    },
    "右親指１": {
      "x": -0.26260154150931786,
      "y": -0.2928491506155833,
      "z": 0.027851777990753574,
      "w": 0.9189680259773078
    },
    "右親指２": {
      "x": 0,
      "y": 0,
      "z": 0,
      "w": 1
    },
    "右人指１": {
      "x": 0,
      "y": -0.08987903821337084,
      "z": 0,
      "w": 0.9959514347596365
    },
    "右人指２": {
      "x": 0,
      "y": 0,
      "z": 0,
      "w": 1
    },
    "右人指３": {
      "x": 0,
      "y": 0,
      "z": 0,
      "w": 1
    },
    "右中指１": {
      "x": 0.002598001365589395,
      "y": 0.06490203444735042,
      "z": 0.039905021578532984,
      "w": 0.9970885423081446
    },
    "右中指２": {
      "x": 0,
      "y": 0,
      "z": 0,
      "w": 1
    },
    "右中指３": {
      "x": 0,
      "y": 0,
      "z": 0,
      "w": 1
    },
    "右薬指１": {
      "x": 0.02640501465680637,
      "y": 0.17347910726733234,
      "z": 0.00994300586263138,
      "w": 0.9844316047560464
    },
    "右薬指２": {
      "x": 0,
      "y": 0,
      "z": 0,
      "w": 1
    },
    "右薬指３": {
      "x": 0,
      "y": 0,
      "z": 0,
      "w": 1
    },
    "右小指１": {
      "x": 0.03428900959754512,
      "y": 0.23056907833625154,
      "z": -0.03937301174217767,
      "w": 0.9716532936165715
    },
    "右小指２": {
      "x": 0,
      "y": 0,
      "z": 0,
      "w": 1
    },
    "右小指３": {
      "x": 0,
      "y": 0,
      "z": 0,
      "w": 1
    },
    "右足": {
      "x": 0.008220974444529044,
      "y": 0.022372668036351108,
      "z": -0.01898599252984807,
      "w": 0.9995355933536989
    },
    "右ひざ": {
      "x": -0.03346100077033043,
      "y": -0.0001539999939268455,
      "z": -0.03000199981033802,
      "w": 0.998989999294281
    }
  },
  "movableBones": {
    "センター": {
      "x": -0.5948696136474609,
      "y": 6.982054233551025,
      "z": 5.416662216186523
    },
    "左足ＩＫ": {
      "x": 1.1499950885772705,
      "y": 0.7950596809387207,
      "z": 6.400012016296387
    },
    "右足ＩＫ": {
      "x": -3.799999237060547,
      "y": 0.7950592041015625,
      "z": 6.250001430511475
    },
    "左つま先ＩＫ": {
      "x": 0.8999998569488525,
      "y": -1.5903797149658203,
      "z": -1.873504638671875
    },
    "右つま先ＩＫ": {
      "x": 0.6000003814697266,
      "y": -1.5903797149658203,
      "z": -1.7235097885131836
    }
  }
}