{
  "description": "Standing upright with a relaxed posture, the left arm is bent at the elbow and raised, with the hand forming a gentle thumbs-up gesture near shoulder height. The right arm hangs naturally at the side. The legs are straight and close together, giving a composed and confident stance. The head is tilted slightly forward, with a calm and self-assured expression, and the eyes looking directly ahead. The overall pose conveys a sense of quiet confidence and subtle approval.",
  "face": {
    "笑い": 0.40793102979660034
  },
  "rotatableBones": {
    "上半身": [
      0.037402297247868095,
      0.20646294748870397,
      0.011591195632970784,
      0.9776700871351613
    ],
    "頭": [
      -0.0430765125991571,
      -0.11290194338405364,
      0.03654340580696736,
      0.9919987769842505
    ],
    "下半身": [
      -0.04404304549098015,
      0.20336100459098816,
      -0.009157467633485794,
      0.978070080280304
    ],
    "左腕": [
      -0.10344423353672028,
      -0.08610361814498901,
      -0.4794056713581085,
      0.8672115802764893
    ],
    "左ひじ": [
      -0.04152045398950577,
      -0.04326353594660759,
      -0.09468645602464676,
      0.993699312210083
    ],
    "左親指１": [
      -0.04074300080537796,
      -0.03690500184893608,
      0.049904000014066696,
      0.9972400069236755
    ],
    "左人指１": [
      0,
      0,
      -0.10480699688196182,
      0.9944930076599121
    ],
    "左人指２": [
      0,
      0,
      -0.059964001178741455,
      0.9982010126113892
    ],
    "左人指３": [
      0,
      0,
      -0.10977800190448761,
      0.9939560294151306
    ],
    "左中指１": [
      0,
      0,
      -0.1345899999141693,
      0.990900993347168
    ],
    "左中指２": [
      0,
      0,
      -0.06994300335645676,
      0.9975510239601135
    ],
    "左中指３": [
      0,
      0,
      -0.09485699981451035,
      0.9954910278320312
    ],
    "左薬指１": [
      0,
      0,
      -0.054972000420093536,
      0.9984880089759827
    ],
    "左薬指２": [
      0,
      0,
      -0.07492999732494354,
      0.9971889853477478
    ],
    "左薬指３": [
      0,
      0,
      -0.10977800190448761,
      0.9939560294151306
    ],
    "左小指１": [
      0,
      0,
      -0.04498500004410744,
      0.9989879727363586
    ],
    "左小指２": [
      0,
      0,
      -0.01499900035560131,
      0.999888002872467
    ],
    "左小指３": [
      0,
      0,
      -0.0649539977312088,
      0.9978880286216736
    ],
    "左足": [
      -0.002861778950318694,
      -0.17190386354923248,
      -0.04975934699177742,
      0.9838519096374512
    ],
    "左ひざ": [
      0.000011000000085914508,
      0.0010999999940395355,
      0.024978000670671463,
      0.9996870160102844
    ],
    "左足首": [
      0.02966799959540367,
      -0.00020300000323913991,
      -0.02538299933075905,
      0.9992370009422302
    ],
    "右腕": [
      0.28051014313113143,
      -0.2508004733848253,
      0.1699415875604854,
      0.9107860430551868
    ],
    "右ひじ": [
      0.5382436079230253,
      -0.44267544674645576,
      -0.3446830503366878,
      0.6289077757245891
    ],
    "右手首": [
      -0.189284114327039,
      -0.26623492930569587,
      -0.4434894304646514,
      0.8346293376410495
    ],
    "右親指１": [
      0.07183411201314267,
      0.53916784295854,
      0.26619643512688956,
      0.7957852600199792
    ],
    "右親指２": [
      -0.1319500676586755,
      0.31649315272029366,
      -0.36147817009793043,
      0.867037404157843
    ],
    "右中指１": [
      0,
      0,
      0.7479709982872009,
      0.6637309789657593
    ],
    "右中指２": [
      0,
      0,
      0.5605082433465317,
      0.8281483480662734
    ],
    "右中指３": [
      0,
      0,
      0.8468319773674011,
      0.5318610072135925
    ],
    "右薬指１": [
      0,
      0,
      0.6556169986724854,
      0.755092978477478
    ],
    "右薬指２": [
      0,
      0,
      0.6011980175971985,
      0.7990999817848206
    ],
    "右薬指３": [
      0,
      0,
      0.7739149928092957,
      0.6332889795303345
    ],
    "右小指１": [
      0,
      0,
      0.6480333321682811,
      0.7616113482975032
    ],
    "右小指２": [
      0,
      0,
      0.7277252606654403,
      0.6858682431744711
    ],
    "右小指３": [
      0,
      0,
      0.7311452801066863,
      0.682221234116102
    ],
    "右ひざ": [
      -0.03346100077033043,
      -0.0001539999939268455,
      -0.03000199981033802,
      0.998989999294281
    ]
  },
  "movableBones": {
    "センター": [
      0,
      7.9499993324279785,
      -0.45000001788139343
    ],
    "左足ＩＫ": [
      -0.5,
      0.7950592041015625,
      -1.2000000476837158
    ],
    "右足ＩＫ": [
      0.3500000238418579,
      0.7950592041015625,
      0
    ],
    "左つま先ＩＫ": [
      0,
      -1.5903797149658203,
      -1.8235098123550415
    ],
    "右つま先ＩＫ": [
      -0.6500000953674316,
      -1.5903797149658203,
      -1.8235098123550415
    ]
  }
}