{
  "description": "This is an unlabeled pose sample. It is provided solely to help the model learn the natural constraints and patterns of MMD bone rotations, positions, and facial morphs. No semantic description is associated with this pose.",
  "face": {
    "真面目": 0,
    "困る": 0,
    "にこり": 0,
    "怒り": 0,
    "あ": 0.20000000298023224,
    "い": 0,
    "う": 0,
    "え": 0,
    "お": 0,
    "お1": 0,
    "にやり２": 0,
    "にやり２1": 0,
    "口横広げ": 0,
    "口横缩げ": 0,
    "口角上げ": 0,
    "口角下げ1": 0,
    "口角下げ": 0,
    "まばたき": 0,
    "笑い": 0.75,
    "ウィンク": 0,
    "ウィンク右": 0,
    "ウィンク２": 0,
    "ｳｨﾝｸ２右": 0,
    "びっくり": 0,
    "恐ろしい子！": 0,
    "なごみ": 0,
    "はちゅ目": 0,
    "はぅ": 0,
    "ｷﾘｯ": 0,
    "眼角下": 0,
    "眼睑上": 0,
    "じと目": 0,
    "じと目1": 0,
    "照れ": 0
  },
  "rotatableBones": {
    "上半身": {
      "x": -0.21496402782810944,
      "y": 0.0724670638590064,
      "z": -0.06937894128039773,
      "w": 0.9714548071787036
    },
    "首": {
      "x": 0,
      "y": 0,
      "z": 0,
      "w": 1
    },
    "頭": {
      "x": 0.2536297955904823,
      "y": -0.0226343994345629,
      "z": -0.07824271424938631,
      "w": 0.963865756589082
    },
    "下半身": {
      "x": -0.049409808293562424,
      "y": -0.0012698406887575462,
      "z": -0.01753915986513325,
      "w": 0.9986226828347065
    },
    "左腕": {
      "x": -0.006444818858450847,
      "y": -0.01354428730069709,
      "z": -0.2449532786074827,
      "w": 0.9694187075258025
    },
    "左ひじ": {
      "x": 0.29327987450792425,
      "y": -0.05834259850865525,
      "z": 0.095544414939037,
      "w": 0.9494489138554338
    },
    "左手首": {
      "x": 0.14857228641558792,
      "y": -0.04194639079095855,
      "z": 0.20596070423428936,
      "w": 0.9663053284046765
    },
    "左親指１": {
      "x": -0.1967030373300878,
      "y": 0.34062907282139476,
      "z": 0.1618920260559954,
      "w": 0.9050241552730185
    },
    "左親指２": {
      "x": 0,
      "y": 0,
      "z": 0,
      "w": 1
    },
    "左人指１": {
      "x": 0,
      "y": 0.08987902188534427,
      "z": 0,
      "w": 0.9959512538284448
    },
    "左人指２": {
      "x": 0,
      "y": 0,
      "z": 0,
      "w": 1
    },
    "左人指３": {
      "x": 0,
      "y": 0,
      "z": 0,
      "w": 1
    },
    "左中指１": {
      "x": 0.002598000797967493,
      "y": -0.06490202026729003,
      "z": -0.03990501285992162,
      "w": 0.9970883244601857
    },
    "左中指２": {
      "x": 0,
      "y": 0,
      "z": 0,
      "w": 1
    },
    "左中指３": {
      "x": 0,
      "y": 0,
      "z": 0,
      "w": 1
    },
    "左薬指１": {
      "x": 0.026405008268705444,
      "y": -0.1734790652979542,
      "z": -0.009943003457144174,
      "w": 0.9844313665949045
    },
    "左薬指２": {
      "x": 0,
      "y": 0,
      "z": 0,
      "w": 1
    },
    "左薬指３": {
      "x": 0,
      "y": 0,
      "z": 0,
      "w": 1
    },
    "左小指１": {
      "x": 0.034289005091941625,
      "y": -0.23056904803928882,
      "z": 0.039373006568532196,
      "w": 0.9716531659405456
    },
    "左小指２": {
      "x": 0,
      "y": 0,
      "z": 0,
      "w": 1
    },
    "左小指３": {
      "x": 0,
      "y": 0,
      "z": 0,
      "w": 1
    },
    "左足": {
      "x": 0.002082563005387783,
      "y": 0.07688906043767929,
      "z": 0.129024937748909,
      "w": 0.9886535406112671
    },
    "左ひざ": {
      "x": 0.000011000000085914506,
      "y": 0.0010999999940395353,
      "z": 0.024978000670671463,
      "w": 0.9996870160102844
    },
    "左足首": {
      "x": 0.02966799959540367,
      "y": -0.00020300000323913991,
      "z": -0.025382999330759045,
      "w": 0.9992370009422302
    },
    "右腕": {
      "x": 0.4167168762041301,
      "y": -0.386438031426283,
      "z": 0.19996695276349563,
      "w": 0.7981354349610336
    },
    "右ひじ": {
      "x": 0.1891272161291055,
      "y": -0.6466210531844682,
      "z": -0.25704827016538506,
      "w": 0.6928460194174905
    },
    "右手首": {
      "x": -0.12755925555965042,
      "y": -0.030592954938292553,
      "z": -0.5127138457464298,
      "w": 0.8484786457338109
    },
    "右親指１": {
      "x": -0.1688552341064006,
      "y": -0.32319282468554983,
      "z": -0.111240171114096,
      "w": 0.9244771696651037
    },
    "右親指２": {
      "x": 0,
      "y": 0,
      "z": 0,
      "w": 1
    },
    "右人指１": {
      "x": 0.001965990163851436,
      "y": -0.08985749236513764,
      "z": -0.021784687731991607,
      "w": 0.9957130942677304
    },
    "右人指２": {
      "x": 0,
      "y": 0,
      "z": 0,
      "w": 1
    },
    "右人指３": {
      "x": 0,
      "y": 0,
      "z": 0,
      "w": 1
    },
    "右中指１": {
      "x": 0.0011777155051243748,
      "y": 0.06494331307754027,
      "z": 0.018085837306965738,
      "w": 0.9977227760809231
    },
    "右中指２": {
      "x": 0,
      "y": 0,
      "z": 0,
      "w": 1
    },
    "右中指３": {
      "x": 0,
      "y": 0,
      "z": 0,
      "w": 1
    },
    "右薬指１": {
      "x": 0.01878781636145579,
      "y": 0.17662080111409897,
      "z": -0.012747936698504362,
      "w": 0.9840152926991224
    },
    "右薬指２": {
      "x": 0,
      "y": 0,
      "z": 0,
      "w": 1
    },
    "右薬指３": {
      "x": 0,
      "y": 0,
      "z": 0,
      "w": 1
    },
    "右小指１": {
      "x": 0.02233255039531408,
      "y": 0.24572055487755287,
      "z": -0.055010835403189684,
      "w": 0.9675198064173214
    },
    "右小指２": {
      "x": 0,
      "y": 0,
      "z": 0,
      "w": 1
    },
    "右小指３": {
      "x": 0,
      "y": 0,
      "z": 0,
      "w": 1
    },
    "右足": {
      "x": -0.0014772629365324974,
      "y": -0.07901743054389954,
      "z": -0.052407406270504,
      "w": 0.9954935908317566
    },
    "右ひざ": {
      "x": -0.03346100077033043,
      "y": -0.00015399999392684546,
      "z": -0.03000199981033802,
      "w": 0.998989999294281
    }
  },
  "movableBones": {
    "センター": {
      "x": -2.9375011920928955,
      "y": 6.852571487426758,
      "z": -0.699999988079071
    },
    "左足ＩＫ": {
      "x": -1.4999991655349731,
      "y": 0.7950592041015625,
      "z": -0.5499998331069946
    },
    "右足ＩＫ": {
      "x": -4.300000190734863,
      "y": 0.7950592041015625,
      "z": -0.20000052452087402
    },
    "左つま先ＩＫ": {
      "x": -0.8999999761581421,
      "y": -1.5903797149658203,
      "z": -1.8235081434249878
    },
    "右つま先ＩＫ": {
      "x": 0.7999997138977051,
      "y": -1.5903797149658203,
      "z": -1.7235071659088135
    }
  }
}